"SampleID";"image_url";"year";"latitude";"longitude";"expected_family";"predicted_family";"acc_familly";"expected_genus";"predicted_genus";"acc_genus"
101527967;"https://inaturalist-open-data.s3.amazonaws.com/photos/169575733/original.jpeg";2020;49.8401479449;8.5730175657;"Asteraceae";"Asteraceae";TRUE;"Solidago";"Solidago";TRUE
104263889;"https://inaturalist-open-data.s3.amazonaws.com/photos/174674519/original.jpeg";2013;48.8418381275;2.2747150532;"Apiaceae";"Apiaceae";TRUE;"Eryngium";"Eryngium";TRUE
104360428;"https://inaturalist-open-data.s3.amazonaws.com/photos/174849416/original.jpeg";2021;47.4583473;19.11573354;"Apiaceae";"Apiaceae";TRUE;"Eryngium";"Eryngium";TRUE
104360429;"https://inaturalist-open-data.s3.amazonaws.com/photos/174849426/original.jpeg";2021;47.4583473;19.11573354;"Apiaceae";"Apiaceae";TRUE;"Eryngium";"Eryngium";TRUE
105601116;"https://static.inaturalist.org/photos/177219549/original.jpeg";2019;45.9194027778;6.1434555556;"Apiaceae";"Apiaceae";TRUE;"Angelica";"Levisticum";FALSE
105680291;"https://static.inaturalist.org/photos/177368073/original.jpeg";2019;45.9193722222;6.1434027778;"Lamiaceae";"Lamiaceae";TRUE;"Mentha";"Mentha";TRUE
106241094;"https://inaturalist-open-data.s3.amazonaws.com/photos/178436986/original.jpeg";2021;47.6404065012;19.0062235072;"Apiaceae";"Apiaceae";TRUE;"Eryngium";"Eryngium";TRUE
107237741;"https://inaturalist-open-data.s3.amazonaws.com/photos/180313565/original.jpeg";2021;45.4204916667;-75.6829166667;"Thymelaeaceae";"Rosaceae";FALSE;"Dasiphora";"Dasiphora";TRUE
11013073;"https://inaturalist-open-data.s3.amazonaws.com/photos/15524040/original.jpg";2016;43.5224767792;-79.8816776276;"Lamiaceae";"Lamiaceae";TRUE;"Mentha";"Mentha";TRUE
12997425;"https://inaturalist-open-data.s3.amazonaws.com/photos/18905197/original.jpeg";2018;32.31179504;-97.0161308296;"Asteraceae";"Asteraceae";TRUE;"Echinacea";"Echinacea";TRUE
13804178;"https://inaturalist-open-data.s3.amazonaws.com/photos/20361736/original.jpg";2018;40.7933284808;-73.9525647461;"Asteraceae";"Asteraceae";TRUE;"Achillea";"Achillea";TRUE
14334545;"https://inaturalist-open-data.s3.amazonaws.com/photos/21298080/original.jpeg";2016;34.1612849243;-81.1746806527;"Celastraceae";"Celastraceae";TRUE;"Euonymus";"Euonymus";TRUE
14357826;"https://inaturalist-open-data.s3.amazonaws.com/photos/21338841/original.jpg";2018;49.4154812314;8.6692375696;"Apiaceae";"Apiaceae";TRUE;"Eryngium";"Eryngium";TRUE
15095925;"https://inaturalist-open-data.s3.amazonaws.com/photos/22547708/original.jpeg";2018;40.1719305149;-105.2152050826;"Plumbaginaceae";"Plumbaginaceae";TRUE;"Limonium";"Limonium";TRUE
15176007;"https://static.inaturalist.org/photos/22694444/original.jpeg";2018;45.6036558;-73.7982679;"Lamiaceae";"Lamiaceae";TRUE;"Mentha";"Mentha";TRUE
15301175;"https://inaturalist-open-data.s3.amazonaws.com/photos/22904656/original.jpeg";2018;43.5746014145;-80.2371250181;"Asteraceae";"Asteraceae";TRUE;"Cirsium";"Cirsium";TRUE
15375958;"https://inaturalist-open-data.s3.amazonaws.com/photos/23039968/original.jpeg";2018;43.3855347116;-80.803560752;"Scrophulariaceae";"Plantaginaceae";FALSE;"Veronica";"Veronica";TRUE
15766342;"https://static.inaturalist.org/photos/23553583/original.jpg";2018;45.4997116667;-122.6262133333;"Lamiaceae";"Lamiaceae";TRUE;"Mentha";"Mentha";TRUE
18018382;"https://inaturalist-open-data.s3.amazonaws.com/photos/27546051/original.jpeg";2018;50.08301;19.876389;"Asteraceae";"Asteraceae";TRUE;"Cirsium";"Cirsium";TRUE
19626730;"https://inaturalist-open-data.s3.amazonaws.com/photos/30219354/original.jpg";2018;44.900528;-93.475731;"Asteraceae";"Asteraceae";TRUE;"Erigeron";"Erigeron";TRUE
22213051;"https://inaturalist-open-data.s3.amazonaws.com/photos/34394842/original.jpg";2019;29.5911237549;-98.4529089017;"Apiaceae";"Apiaceae";TRUE;"Polytaenia";"Polytaenia";TRUE
24537270;"https://inaturalist-open-data.s3.amazonaws.com/photos/37940993/original.jpg";2019;32.5285901693;-97.3581403234;"Apiaceae";"Apiaceae";TRUE;"Polytaenia";"Polytaenia";TRUE
24866900;"https://inaturalist-open-data.s3.amazonaws.com/photos/38461044/original.jpg";2018;42.3654796;-71.2587009;"Lamiaceae";"Lamiaceae";TRUE;"Mentha";"Mentha";TRUE
25398141;"https://inaturalist-open-data.s3.amazonaws.com/photos/39328117/original.jpeg";2019;32.3117774514;-97.0159618506;"Fabaceae";"Fabaceae";TRUE;"Melilotus";"Melilotus";TRUE
25520555;"https://inaturalist-open-data.s3.amazonaws.com/photos/39534531/original.jpeg";2019;32.3117819852;-97.0159350285;"Fabaceae";"Fabaceae";TRUE;"Melilotus";"Melilotus";TRUE
25897666;"https://inaturalist-open-data.s3.amazonaws.com/photos/40161678/original.jpeg";2019;32.3118406436;-97.0159323463;"Fabaceae";"Fabaceae";TRUE;"Melilotus";"Melilotus";TRUE
26829142;"https://inaturalist-open-data.s3.amazonaws.com/photos/41680221/original.jpeg";2019;32.3118361077;-97.0158947954;"Fabaceae";"Fabaceae";TRUE;"Melilotus";"Melilotus";TRUE
27639832;"https://inaturalist-open-data.s3.amazonaws.com/photos/43024735/original.jpeg";2009;42.811502;-85.73336;"Asteraceae";"Asteraceae";TRUE;"Cirsium";"Cirsium";TRUE
27670528;"https://inaturalist-open-data.s3.amazonaws.com/photos/43075896/original.jpeg";2019;38.0531316;-122.225841;"Apiaceae";"Apiaceae";TRUE;"Smyrnium";"Foeniculum";FALSE
28115982;"https://inaturalist-open-data.s3.amazonaws.com/photos/43806147/original.jpeg";2019;50.1234;8.65403;"Apiaceae";"Apiaceae";TRUE;"Eryngium";"Eryngium";TRUE
28169477;"https://inaturalist-open-data.s3.amazonaws.com/photos/43894557/original.jpeg";2019;50.123206136;8.6543990149;"Apiaceae";"Apiaceae";TRUE;"Eryngium";"Eryngium";TRUE
28169664;"https://inaturalist-open-data.s3.amazonaws.com/photos/43894900/original.jpeg";2019;50.1233458155;8.6578778378;"Asteraceae";"Asteraceae";TRUE;"Achillea";"Achillea";TRUE
28228852;"https://inaturalist-open-data.s3.amazonaws.com/photos/43989751/original.jpeg";2019;50.1231855;8.6578537;"Apiaceae";"Apiaceae";TRUE;"Eryngium";"Eryngium";TRUE
28228912;"https://inaturalist-open-data.s3.amazonaws.com/photos/43989854/original.jpeg";2019;50.1233781026;8.6544633878;"Apiaceae";"Apiaceae";TRUE;"Eryngium";"Eryngium";TRUE
28297761;"https://inaturalist-open-data.s3.amazonaws.com/photos/44100268/original.jpg";2019;49.4154544803;8.669204719;"Apiaceae";"Apiaceae";TRUE;"Eryngium";"Eryngium";TRUE
28435901;"https://inaturalist-open-data.s3.amazonaws.com/photos/44327541/original.jpeg";2019;50.1232204441;8.6551089185;"Apiaceae";"Apiaceae";TRUE;"Eryngium";"Eryngium";TRUE
28530432;"https://inaturalist-open-data.s3.amazonaws.com/photos/44481253/original.jpg";2019;43.5481116667;-80.2271883333;"Rhamnaceae";"Rhamnaceae";TRUE;"Ceanothus";"Ceanothus";TRUE
28600287;"https://inaturalist-open-data.s3.amazonaws.com/photos/44595405/original.jpeg";2019;50.1231855;8.6549569143;"Apiaceae";"Apiaceae";TRUE;"Eryngium";"Eryngium";TRUE
28600355;"https://inaturalist-open-data.s3.amazonaws.com/photos/44595448/original.jpeg";2019;50.1231855;8.6578537;"Apiaceae";"Apiaceae";TRUE;"Eryngium";"Eryngium";TRUE
28631053;"https://inaturalist-open-data.s3.amazonaws.com/photos/44643969/original.jpeg";2019;47.9965537511;3.7274484047;"Viburnaceae";"Viburnaceae";TRUE;"Sambucus";"Sambucus";TRUE
28643742;"https://inaturalist-open-data.s3.amazonaws.com/photos/44664728/original.jpg";2019;45.4779796671;-122.5691379497;"Amaryllidaceae";"Amaryllidaceae";TRUE;"Allium";"Allium";TRUE
28684680;"https://inaturalist-open-data.s3.amazonaws.com/photos/44730735/original.jpg";2019;45.4780241384;-122.5691319913;"Amaryllidaceae";"Amaryllidaceae";TRUE;"Allium";"Allium";TRUE
28994070;"https://inaturalist-open-data.s3.amazonaws.com/photos/45225219/original.jpg";2019;42.192314514;2.8820321447;"Asteraceae";"Asteraceae";TRUE;"Cirsium";"Cirsium";TRUE
29098670;"https://static.inaturalist.org/photos/45399103/original.jpeg";2019;49.192315028;8.1979936548;"Apiaceae";"Apiaceae";TRUE;"Daucus";"Daucus";TRUE
29179251;"https://static.inaturalist.org/photos/45527832/original.jpeg";2019;49.350276947;8.1288890839;"Apiaceae";"Apiaceae";TRUE;"Eryngium";"Eryngium";TRUE
29304678;"https://inaturalist-open-data.s3.amazonaws.com/photos/45729512/original.jpeg";2019;47.4831184395;7.455929867;"Amaryllidaceae";"Amaryllidaceae";TRUE;"Allium";"Allium";TRUE
29369774;"https://inaturalist-open-data.s3.amazonaws.com/photos/45834800/original.jpeg";2019;47.9772237994;3.7125560973;"Apiaceae";"Apiaceae";TRUE;"Eryngium";"Eryngium";TRUE
29487371;"https://inaturalist-open-data.s3.amazonaws.com/photos/46022394/original.jpg";2019;43.6397133333;-70.2299583333;"Asteraceae";"Asteraceae";TRUE;"Anaphalis";"Anaphalis";TRUE
29571967;"https://inaturalist-open-data.s3.amazonaws.com/photos/46159158/original.jpeg";2019;50.1231304707;8.6548710836;"Apiaceae";"Apiaceae";TRUE;"Eryngium";"Eryngium";TRUE
29601266;"https://inaturalist-open-data.s3.amazonaws.com/photos/46205916/original.jpeg";2019;50.1231855;8.6578537;"Apiaceae";"Apiaceae";TRUE;"Eryngium";"Eryngium";TRUE
29602400;"https://inaturalist-open-data.s3.amazonaws.com/photos/46208117/original.jpeg";2019;50.1231855;8.6578537;"Apiaceae";"Apiaceae";TRUE;"Eryngium";"Eryngium";TRUE
29630280;"https://inaturalist-open-data.s3.amazonaws.com/photos/46252521/original.jpg";2019;48.3191946352;16.3140568417;"Asteraceae";"Asteraceae";TRUE;"Solidago";"Solidago";TRUE
29904438;"https://inaturalist-open-data.s3.amazonaws.com/photos/46696786/original.jpg";2019;48.1145569091;-1.6563996374;"Asteraceae";"Asteraceae";TRUE;"Cirsium";"Cirsium";TRUE
30072727;"https://inaturalist-open-data.s3.amazonaws.com/photos/46962492/original.jpg";2019;47.7333578093;-122.3401388943;"Hydrangeaceae";"Hydrangeaceae";TRUE;"Hydrangea";"Hydrangea";TRUE
30094717;"https://inaturalist-open-data.s3.amazonaws.com/photos/46998726/original.jpg";2019;43.553975;-79.6547466667;"Asteraceae";"Asteraceae";TRUE;"Ageratina";"Eupatorium";FALSE
30240581;"https://static.inaturalist.org/photos/47236350/original.jpeg";2019;49.2747044859;6.230180349;"Lamiaceae";"Lamiaceae";TRUE;"Mentha";"Mentha";TRUE
30431407;"https://inaturalist-open-data.s3.amazonaws.com/photos/47543681/original.jpeg";2019;50.1246987829;8.6559868893;"Asteraceae";"Asteraceae";TRUE;"Solidago";"Solidago";TRUE
30473464;"https://inaturalist-open-data.s3.amazonaws.com/photos/47612114/original.jpeg";2019;46.6190986;-0.8757426;"Rosaceae";"Rosaceae";TRUE;"Rubus";"Rubus";TRUE
30475839;"https://inaturalist-open-data.s3.amazonaws.com/photos/47615866/original.jpg";2019;45.4517486532;6.5694093806;"Apiaceae";"Apiaceae";TRUE;"Aegopodium";"Visnaga";FALSE
30529790;"https://inaturalist-open-data.s3.amazonaws.com/photos/47702919/original.jpeg";2019;43.610769;3.876716;"Lamiaceae";"Lamiaceae";TRUE;"Mentha";"Mentha";TRUE
30561588;"https://inaturalist-open-data.s3.amazonaws.com/photos/47751878/original.jpg";2019;39.9241906712;-83.0835377333;"Lamiaceae";"Lamiaceae";TRUE;"Pycnanthemum";"Pycnanthemum";TRUE
30607068;"https://inaturalist-open-data.s3.amazonaws.com/photos/47826074/original.jpeg";2019;40.7908320794;-73.9300395649;"Lamiaceae";"Lamiaceae";TRUE;"Pycnanthemum";"Pycnanthemum";TRUE
30822702;"https://inaturalist-open-data.s3.amazonaws.com/photos/48178576/original.jpg";2019;39.0187343915;-77.572058787;"Lamiaceae";"Lamiaceae";TRUE;"Mentha";"Mentha";TRUE
30827149;"https://inaturalist-open-data.s3.amazonaws.com/photos/48186094/original.jpg";2019;39.1343712239;-77.5923312898;"Lamiaceae";"Lamiaceae";TRUE;"Mentha";"Mentha";TRUE
30904868;"https://inaturalist-open-data.s3.amazonaws.com/photos/48313035/original.jpeg";2019;39.6689576;-76.7136074;"Lamiaceae";"Lamiaceae";TRUE;"Pycnanthemum";"Pycnanthemum";TRUE
31206911;"https://inaturalist-open-data.s3.amazonaws.com/photos/48817673/original.jpeg";2019;42.403685;-71.1856116667;"Asteraceae";"Asteraceae";TRUE;"Solidago";"Solidago";TRUE
31609086;"https://inaturalist-open-data.s3.amazonaws.com/photos/49486035/original.jpg";2019;41.8561283333;-70.6020883333;"Clethraceae";"Clethraceae";TRUE;"Clethra";"Clethra";TRUE
31664114;"https://inaturalist-open-data.s3.amazonaws.com/photos/49579471/original.jpeg";2019;47.636899475;9.5428091282;"Apiaceae";"Apiaceae";TRUE;"Daucus";"Daucus";TRUE
31736539;"https://inaturalist-open-data.s3.amazonaws.com/photos/49702271/original.jpeg";2019;47.0458335876;2.6497223377;"Crassulaceae";"Crassulaceae";TRUE;"Hylotelephium";"Hylotelephium";TRUE
32005359;"https://inaturalist-open-data.s3.amazonaws.com/photos/50152940/original.jpg";2019;42.4137788077;-71.2975208572;"Asteraceae";"Asteraceae";TRUE;"Solidago";"Euthamia";FALSE
32077186;"https://inaturalist-open-data.s3.amazonaws.com/photos/50274096/original.jpg";2019;39.6831406;-75.7560411;"Asteraceae";"Asteraceae";TRUE;"Eupatorium";"Eupatorium";TRUE
32249513;"https://inaturalist-open-data.s3.amazonaws.com/photos/50564992/original.jpeg";2019;38.0542357;-122.2289391;"Amaryllidaceae";"Polygonaceae";FALSE;"Allium";"Eriogonum";FALSE
32343335;"https://inaturalist-open-data.s3.amazonaws.com/photos/50718399/original.jpeg";2019;48.3061239;-0.620935;"Lamiaceae";"Lamiaceae";TRUE;"Mentha";"Mentha";TRUE
32581248;"https://static.inaturalist.org/photos/106208721/original.jpeg";2019;47.6092442524;-122.1793480217;"Asteraceae";"Asteraceae";TRUE;"Solidago";"Solidago";TRUE
32645044;"https://static.inaturalist.org/photos/51218013/original.jpg";2019;42.3665494061;-71.2566087739;"Lamiaceae";"Lamiaceae";TRUE;"Pycnanthemum";"Pycnanthemum";TRUE
32879091;"https://static.inaturalist.org/photos/51602883/original.jpg";2018;49.3411216667;8.1437555;"Asteraceae";"Asteraceae";TRUE;"Solidago";"Solidago";TRUE
33093773;"https://inaturalist-open-data.s3.amazonaws.com/photos/51947842/original.jpeg";2019;45.391408;-75.7332416;"Asteraceae";"Asteraceae";TRUE;"Eupatorium";"Eupatorium";TRUE
33330714;"https://inaturalist-open-data.s3.amazonaws.com/photos/52343077/original.jpg";2019;42.4693122253;-71.0070408719;"Asteraceae";"Asteraceae";TRUE;"Solidago";"Solidago";TRUE
35980272;"https://inaturalist-open-data.s3.amazonaws.com/photos/56811978/original.jpg";2019;43.7475170798;-79.8079688018;"Lamiaceae";"Lamiaceae";TRUE;"Mentha";"Mentha";TRUE
36355841;"https://inaturalist-open-data.s3.amazonaws.com/photos/57461174/original.jpg";2019;48.9008733333;2.2673933333;"Asteraceae";"Asteraceae";TRUE;"Cirsium";"Cirsium";TRUE
39458304;"https://inaturalist-open-data.s3.amazonaws.com/photos/62606528/original.jpg";2015;43.0135416168;1.4302979759;"Lamiaceae";"Lamiaceae";TRUE;"Mentha";"Mentha";TRUE
41968528;"https://inaturalist-open-data.s3.amazonaws.com/photos/66603903/original.jpeg";2020;30.2088084731;-97.8864012229;"Apiaceae";"Apiaceae";TRUE;"Polytaenia";"Polytaenia";TRUE
46126320;"https://inaturalist-open-data.s3.amazonaws.com/photos/73157584/original.jpeg";2015;45.4583983103;4.2639281837;"Apiaceae";"Apiaceae";TRUE;"Eryngium";"Eryngium";TRUE
47676811;"https://static.inaturalist.org/photos/75624867/original.jpeg";2020;32.963996052;-96.7218806595;"Fabaceae";"Fabaceae";TRUE;"Melilotus";"Melilotus";TRUE
47960931;"https://inaturalist-open-data.s3.amazonaws.com/photos/76083131/original.jpg";2020;49.3904032885;8.6814687029;"Apiaceae";"Apiaceae";TRUE;"Coriandrum";"Coriandrum";TRUE
48007437;"https://inaturalist-open-data.s3.amazonaws.com/photos/76157082/original.jpeg";2020;44.7472275787;-1.0972655565;"Amaryllidaceae";"Amaryllidaceae";TRUE;"Allium";"Allium";TRUE
48128796;"https://inaturalist-open-data.s3.amazonaws.com/photos/76350420/original.jpg";2020;47.76721167;8.82236667;"Apiaceae";"Apiaceae";TRUE;"Chaerophyllum";"Chaerophyllum";TRUE
48480670;"https://inaturalist-open-data.s3.amazonaws.com/photos/76927006/original.jpg";2020;37.4485993801;-122.0305387103;"Polygonaceae";"Polygonaceae";TRUE;"Eriogonum";"Eriogonum";TRUE
49743191;"https://inaturalist-open-data.s3.amazonaws.com/photos/78972551/original.jpg";2020;37.804527082;-122.2081623714;"Polygonaceae";"Polygonaceae";TRUE;"Eriogonum";"Eriogonum";TRUE
50225655;"https://inaturalist-open-data.s3.amazonaws.com/photos/79753688/original.jpg";2020;37.4216262516;-122.1666086731;"Polygonaceae";"Polygonaceae";TRUE;"Eriogonum";"Eriogonum";TRUE
50540406;"https://static.inaturalist.org/photos/80252434/original.jpeg";2020;48.0941656;-1.6602343;"Rutaceae";"Rutaceae";TRUE;"Ruta";"Ruta";TRUE
50551682;"https://inaturalist-open-data.s3.amazonaws.com/photos/80270279/original.jpg";2020;49.5995643821;11.0072485749;"Euphorbiaceae";"Euphorbiaceae";TRUE;"Euphorbia";"Euphorbia";TRUE
50665609;"https://static.inaturalist.org/photos/80607037/original.jpg";2020;49.5129995367;8.3099309491;"Asteraceae";"Asteraceae";TRUE;"Cirsium";"Cirsium";TRUE
51040696;"https://inaturalist-open-data.s3.amazonaws.com/photos/81074734/original.jpg";2020;42.8954494821;-100.5098718383;"Fabaceae";"Fabaceae";TRUE;"Melilotus";"Melilotus";TRUE
51325329;"https://inaturalist-open-data.s3.amazonaws.com/photos/81536039/original.jpeg";2020;42.6056290488;-71.6159874479;"Rhamnaceae";"Rhamnaceae";TRUE;"Ceanothus";"Ceanothus";TRUE
51405431;"https://inaturalist-open-data.s3.amazonaws.com/photos/81667598/original.jpg";2020;35.9320323;-79.0356315;"Apiaceae";"Apiaceae";TRUE;"Eryngium";"Eryngium";TRUE
51407572;"https://inaturalist-open-data.s3.amazonaws.com/photos/81671405/original.jpg";2020;37.43422;-122.0957533333;"Polygonaceae";"Polygonaceae";TRUE;"Eriogonum";"Eriogonum";TRUE
51838445;"https://static.inaturalist.org/photos/82378852/original.jpeg";2020;48.9025185558;9.1734880588;"Apiaceae";"Apiaceae";TRUE;"Falcaria";"Falcaria";TRUE
51892727;"https://inaturalist-open-data.s3.amazonaws.com/photos/82471727/original.jpg";2020;43.486713;-80.563816;"Amaryllidaceae";"Amaryllidaceae";TRUE;"Allium";"Allium";TRUE
51915884;"https://inaturalist-open-data.s3.amazonaws.com/photos/82504890/original.jpg";2020;46.7718582153;0.5328267811;"Asteraceae";"Asteraceae";TRUE;"Cirsium";"Cirsium";TRUE
52001045;"https://static.inaturalist.org/photos/82646420/original.jpeg";2020;41.9264259336;-8.8068208694;"Cistaceae";"Cistaceae";TRUE;"Cistus";"Cistus";TRUE
52022505;"https://inaturalist-open-data.s3.amazonaws.com/photos/82679482/original.jpg";2020;46.71022833;15.782275;"Apiaceae";"Apiaceae";TRUE;"Foeniculum";"Foeniculum";TRUE
52067242;"https://inaturalist-open-data.s3.amazonaws.com/photos/82747859/original.jpg";2020;46.175978;6.122136;"Bignoniaceae";"Bignoniaceae";TRUE;"Campsis";"Campsis";TRUE
52069178;"https://inaturalist-open-data.s3.amazonaws.com/photos/82751949/original.jpeg";2020;46.9750406171;8.3225724018;"Viburnaceae";"Viburnaceae";TRUE;"Sambucus";"Sambucus";TRUE
52268679;"https://inaturalist-open-data.s3.amazonaws.com/photos/83077038/original.jpeg";2020;50.1233194237;8.6545500021;"Apiaceae";"Apiaceae";TRUE;"Eryngium";"Eryngium";TRUE
52270320;"https://inaturalist-open-data.s3.amazonaws.com/photos/83079494/original.jpeg";2020;50.1233194237;8.6545500021;"Apiaceae";"Apiaceae";TRUE;"Eryngium";"Eryngium";TRUE
52368094;"https://inaturalist-open-data.s3.amazonaws.com/photos/83242797/original.jpg";2020;47.9969933897;7.8582058567;"Sapindaceae";"Sapindaceae";TRUE;"Aesculus";"Aesculus";TRUE
52371930;"https://inaturalist-open-data.s3.amazonaws.com/photos/83245276/original.jpeg";2020;48.2284029878;16.3863625884;"Apiaceae";"Apiaceae";TRUE;"Falcaria";"Falcaria";TRUE
52411678;"https://inaturalist-open-data.s3.amazonaws.com/photos/83315140/original.jpg";2020;47.7270392961;-122.3953150634;"Apiaceae";"Apiaceae";TRUE;"Coriandrum";"Coriandrum";TRUE
52495162;"https://inaturalist-open-data.s3.amazonaws.com/photos/83451654/original.jpeg";2020;49.9934460058;8.2456327137;"Apiaceae";"Apiaceae";TRUE;"Eryngium";"Eryngium";TRUE
52574738;"https://inaturalist-open-data.s3.amazonaws.com/photos/83585249/original.jpg";2020;50.0795266446;8.2114893929;"Apiaceae";"Apiaceae";TRUE;"Eryngium";"Eryngium";TRUE
52687866;"https://static.inaturalist.org/photos/83780572/original.jpg";2020;48.4744135097;1.3180154367;"Apiaceae";"Apiaceae";TRUE;"Eryngium";"Eryngium";TRUE
52878602;"https://inaturalist-open-data.s3.amazonaws.com/photos/84080904/original.jpeg";2020;40.0807690861;-74.2919081903;"Lamiaceae";"Lamiaceae";TRUE;"Pycnanthemum";"Pycnanthemum";TRUE
53117221;"https://inaturalist-open-data.s3.amazonaws.com/photos/84468081/original.jpg";2020;39.1717326393;-77.2832469839;"Lamiaceae";"Lamiaceae";TRUE;"Pycnanthemum";"Pycnanthemum";TRUE
53211849;"https://static.inaturalist.org/photos/84616980/original.jpeg";2020;42.2377880578;-71.1582984684;"Lamiaceae";"Lamiaceae";TRUE;"Pycnanthemum";"Pycnanthemum";TRUE
53287460;"https://inaturalist-open-data.s3.amazonaws.com/photos/84744814/original.jpeg";2020;43.3256222265;21.930069756;"Viburnaceae";"Viburnaceae";TRUE;"Sambucus";"Sambucus";TRUE
53301264;"https://inaturalist-open-data.s3.amazonaws.com/photos/84766100/original.jpg";2020;41.7474454;-71.4089012;"Lamiaceae";"Lamiaceae";TRUE;"Pycnanthemum";"Pycnanthemum";TRUE
53301847;"https://inaturalist-open-data.s3.amazonaws.com/photos/84767767/original.jpg";2020;41.7474454;-71.4089012;"Lamiaceae";"Lamiaceae";TRUE;"Pycnanthemum";"Pycnanthemum";TRUE
53564375;"https://inaturalist-open-data.s3.amazonaws.com/photos/85200781/original.jpg";2020;47.6751116667;-122.3532866667;"Apiaceae";"Apiaceae";TRUE;"Coriandrum";"Coriandrum";TRUE
53723105;"https://inaturalist-open-data.s3.amazonaws.com/photos/85459009/original.jpg";2020;48.0404383739;16.2906640023;"Apiaceae";"Apiaceae";TRUE;"Eryngium";"Eryngium";TRUE
53764473;"https://inaturalist-open-data.s3.amazonaws.com/photos/85522929/original.jpeg";2020;50.2025478;8.5770309;"Apiaceae";"Apiaceae";TRUE;"Foeniculum";"Foeniculum";TRUE
53788394;"https://inaturalist-open-data.s3.amazonaws.com/photos/85561736/original.jpeg";2020;43.6746947;-79.3335459;"Lamiaceae";"Lamiaceae";TRUE;"Pycnanthemum";"Pycnanthemum";TRUE
53822481;"https://inaturalist-open-data.s3.amazonaws.com/photos/85614201/original.jpeg";2020;47.3309032726;9.7832664733;"Apiaceae";"Apiaceae";TRUE;"Astrantia";"Astrantia";TRUE
53833072;"https://static.inaturalist.org/photos/85634662/original.jpg";2020;41.7665194581;-70.059648743;"Apiaceae";"Apiaceae";TRUE;"Foeniculum";"Foeniculum";TRUE
53842333;"https://inaturalist-open-data.s3.amazonaws.com/photos/85647850/original.jpg";2020;48.1177035561;-1.6704173577;"Asteraceae";"Asteraceae";TRUE;"Cirsium";"Cirsium";TRUE
54026321;"https://inaturalist-open-data.s3.amazonaws.com/photos/85947202/original.jpeg";2020;50.1264376;8.6571934;"Apiaceae";"Apiaceae";TRUE;"Eryngium";"Eryngium";TRUE
54147452;"https://static.inaturalist.org/photos/86142853/original.jpeg";2020;38.9591178418;16.58070568;"Rhamnaceae";"Rhamnaceae";TRUE;"Ziziphus";"Ziziphus";TRUE
54201584;"https://static.inaturalist.org/photos/86233096/original.jpeg";2020;42.5098465197;-83.3823107556;"Asteraceae";"Asteraceae";TRUE;"Cirsium";"Cirsium";TRUE
54307106;"https://static.inaturalist.org/photos/86407177/original.jpg";2020;41.654265357;-91.4839014624;"Lamiaceae";"Lamiaceae";TRUE;"Pycnanthemum";"Pycnanthemum";TRUE
54375124;"https://inaturalist-open-data.s3.amazonaws.com/photos/86519875/original.jpg";2020;43.6981914483;-79.2924574957;"Apiaceae";"Apiaceae";TRUE;"Daucus";"Daucus";TRUE
54396179;"https://inaturalist-open-data.s3.amazonaws.com/photos/86552149/original.jpeg";2020;44.9282164;-93.2053822;"Asteraceae";"Asteraceae";TRUE;"Eupatorium";"Eupatorium";TRUE
54549469;"https://inaturalist-open-data.s3.amazonaws.com/photos/86802530/original.jpg";2020;43.1230661344;-79.0500460845;"Lamiaceae";"Lamiaceae";TRUE;"Monarda";"Monarda";TRUE
54570099;"https://inaturalist-open-data.s3.amazonaws.com/photos/86836268/original.jpeg";2020;39.7083749722;-84.05249;"Asteraceae";"Asteraceae";TRUE;"Parthenium";"Parthenium";TRUE
54614111;"https://inaturalist-open-data.s3.amazonaws.com/photos/86909788/original.jpg";2020;50.1273835876;8.6590773795;"Apiaceae";"Apiaceae";TRUE;"Eryngium";"Eryngium";TRUE
54614467;"https://inaturalist-open-data.s3.amazonaws.com/photos/86910460/original.jpg";2020;50.1274042244;8.6592490367;"Apiaceae";"Apiaceae";TRUE;"Eryngium";"Eryngium";TRUE
54615467;"https://inaturalist-open-data.s3.amazonaws.com/photos/86912034/original.jpeg";2020;50.1281126453;8.6578971969;"Apiaceae";"Apiaceae";TRUE;"Eryngium";"Eryngium";TRUE
54701212;"https://inaturalist-open-data.s3.amazonaws.com/photos/87055067/original.jpg";2020;44.72092;-93.13664167;"Fabaceae";"Fabaceae";TRUE;"Melilotus";"Melilotus";TRUE
54750176;"https://static.inaturalist.org/photos/87136631/original.jpg";2020;42.5653819275;-71.3453011774;"Lamiaceae";"Lamiaceae";TRUE;"Pycnanthemum";"Pycnanthemum";TRUE
54855792;"https://inaturalist-open-data.s3.amazonaws.com/photos/87308138/original.jpg";2020;42.43056333;-71.12441383;"Apocynaceae";"Apocynaceae";TRUE;"Apocynum";"Apocynum";TRUE
54863553;"https://inaturalist-open-data.s3.amazonaws.com/photos/87321255/original.jpeg";2020;48.5566002447;9.046881181;"Primulaceae";"Primulaceae";TRUE;"Lysimachia";"Lysimachia";TRUE
54867658;"https://inaturalist-open-data.s3.amazonaws.com/photos/87327879/original.jpg";2020;41.12581667;-73.40345833;"Lamiaceae";"Lamiaceae";TRUE;"Pycnanthemum";"Pycnanthemum";TRUE
54869349;"https://static.inaturalist.org/photos/87330643/original.jpg";2020;41.6856160706;-81.1765929782;"Lamiaceae";"Lamiaceae";TRUE;"Pycnanthemum";"Pycnanthemum";TRUE
55021682;"https://inaturalist-open-data.s3.amazonaws.com/photos/87585835/original.jpg";2020;46.3120810124;7.014882437;"Lamiaceae";"Lamiaceae";TRUE;"Mentha";"Mentha";TRUE
55112480;"https://static.inaturalist.org/photos/87728556/original.jpg";2020;45.4382382;-76.353433;"Apiaceae";"Apiaceae";TRUE;"Eryngium";"Eryngium";TRUE
55192407;"https://inaturalist-open-data.s3.amazonaws.com/photos/87850102/original.jpeg";2020;41.7509777778;-72.677075;"Lamiaceae";"Lamiaceae";TRUE;"Mentha";"Mentha";TRUE
55305303;"https://inaturalist-open-data.s3.amazonaws.com/photos/88055135/original.jpeg";2020;50.1059595482;14.3895058028;"Asteraceae";"Asteraceae";TRUE;"Cirsium";"Cirsium";TRUE
55311670;"https://inaturalist-open-data.s3.amazonaws.com/photos/88066043/original.jpeg";2020;39.6689576;-76.7136074;"Lamiaceae";"Lamiaceae";TRUE;"Pycnanthemum";"Pycnanthemum";TRUE
55324996;"https://inaturalist-open-data.s3.amazonaws.com/photos/88088188/original.jpeg";2020;43.6644206087;-79.5067503415;"Fabaceae";"Fabaceae";TRUE;"Melilotus";"Melilotus";TRUE
55389161;"https://inaturalist-open-data.s3.amazonaws.com/photos/88196716/original.jpeg";2020;50.6069696;2.9766757;"Apiaceae";"Apiaceae";TRUE;"Pastinaca";"Pastinaca";TRUE
55437290;"https://inaturalist-open-data.s3.amazonaws.com/photos/88262109/original.jpg";2020;42.4813866667;-71.342955;"Asteraceae";"Asteraceae";TRUE;"Solidago";"Solidago";TRUE
55437388;"https://inaturalist-open-data.s3.amazonaws.com/photos/88273209/original.jpg";2020;42.4869883333;-71.3455933333;"Asteraceae";"Asteraceae";TRUE;"Solidago";"Solidago";TRUE
55603414;"https://static.inaturalist.org/photos/88545320/original.jpg";2020;35.8777572307;-78.5747512536;"Lamiaceae";"Lamiaceae";TRUE;"Pycnanthemum";"Pycnanthemum";TRUE
55647666;"https://inaturalist-open-data.s3.amazonaws.com/photos/88623754/original.jpg";2020;42.3978416564;-71.1460997402;"Lamiaceae";"Lamiaceae";TRUE;"Pycnanthemum";"Pycnanthemum";TRUE
55648403;"https://static.inaturalist.org/photos/88625911/original.jpg";2020;42.2519154329;-83.60667184;"Lamiaceae";"Lamiaceae";TRUE;"Mentha";"Mentha";TRUE
55695060;"https://inaturalist-open-data.s3.amazonaws.com/photos/88702219/original.jpg";2020;50.07528617;14.50252;"Asteraceae";"Asteraceae";TRUE;"Solidago";"Solidago";TRUE
55707541;"https://inaturalist-open-data.s3.amazonaws.com/photos/88722138/original.jpg";2020;42.45220333;-76.47983667;"Asteraceae";"Asteraceae";TRUE;"Euthamia";"Euthamia";TRUE
55771763;"https://static.inaturalist.org/photos/88830882/original.jpeg";2020;43.2778845353;-70.7005347826;"Asteraceae";"Asteraceae";TRUE;"Solidago";"Solidago";TRUE
55823063;"https://inaturalist-open-data.s3.amazonaws.com/photos/88914442/original.jpg";2020;51.53322167;0.80509667;"Apiaceae";"Apiaceae";TRUE;"Foeniculum";"Foeniculum";TRUE
55841663;"https://inaturalist-open-data.s3.amazonaws.com/photos/88944650/original.jpg";2020;40.4359124104;-74.4098466227;"Lamiaceae";"Lamiaceae";TRUE;"Pycnanthemum";"Pycnanthemum";TRUE
55898365;"https://static.inaturalist.org/photos/89037557/original.jpg";2020;44.1951364279;4.1509322689;"Apiaceae";"Apiaceae";TRUE;"Eryngium";"Eryngium";TRUE
55953245;"https://inaturalist-open-data.s3.amazonaws.com/photos/89125528/original.jpeg";2020;40.5838128469;-73.9936748062;"Fabaceae";"Fabaceae";TRUE;"Melilotus";"Melilotus";TRUE
56088731;"https://inaturalist-open-data.s3.amazonaws.com/photos/89351724/original.jpg";2020;42.4483518341;-76.4708939024;"Lamiaceae";"Lamiaceae";TRUE;"Pycnanthemum";"Pycnanthemum";TRUE
56097710;"https://inaturalist-open-data.s3.amazonaws.com/photos/89369981/original.jpeg";2020;50.1244872473;8.6564857413;"Asteraceae";"Asteraceae";TRUE;"Solidago";"Solidago";TRUE
56228412;"https://static.inaturalist.org/photos/89590861/original.jpeg";2020;45.9192139;6.1419499;"Rutaceae";"Rutaceae";TRUE;"Ruta";"Ruta";TRUE
56297153;"https://inaturalist-open-data.s3.amazonaws.com/photos/89706655/original.jpeg";2020;50.124832969;8.6564892314;"Asteraceae";"Asteraceae";TRUE;"Solidago";"Solidago";TRUE
56342877;"https://inaturalist-open-data.s3.amazonaws.com/photos/89781362/original.jpg";2020;48.22071167;16.37932;"Lamiaceae";"Lamiaceae";TRUE;"Mentha";"Mentha";TRUE
56343609;"https://inaturalist-open-data.s3.amazonaws.com/photos/89782648/original.jpg";2020;48.22071167;16.37928;"Lamiaceae";"Lamiaceae";TRUE;"Mentha";"Mentha";TRUE
56396484;"https://inaturalist-open-data.s3.amazonaws.com/photos/89873166/original.jpg";2020;50.1244872473;8.6564857413;"Asteraceae";"Asteraceae";TRUE;"Solidago";"Solidago";TRUE
56438980;"https://inaturalist-open-data.s3.amazonaws.com/photos/89938878/original.jpg";2020;42.5604933946;-71.3947875365;"Asteraceae";"Asteraceae";TRUE;"Solidago";"Solidago";TRUE
56466648;"https://inaturalist-open-data.s3.amazonaws.com/photos/89988057/original.jpeg";2020;48.0642616667;16.2931766667;"Apiaceae";"Apiaceae";TRUE;"Eryngium";"Eryngium";TRUE
56471588;"https://inaturalist-open-data.s3.amazonaws.com/photos/89996479/original.jpg";2020;41.2137968621;-74.1216581117;"Asteraceae";"Asteraceae";TRUE;"Eupatorium";"Mikania";FALSE
56490129;"https://inaturalist-open-data.s3.amazonaws.com/photos/90029206/original.jpg";2020;50.1244872473;8.6564857413;"Apiaceae";"Apiaceae";TRUE;"Eryngium";"Eryngium";TRUE
56620464;"https://inaturalist-open-data.s3.amazonaws.com/photos/90242895/original.jpg";2020;47.9349305141;16.2554492801;"Lamiaceae";"Lamiaceae";TRUE;"Mentha";"Mentha";TRUE
56652096;"https://inaturalist-open-data.s3.amazonaws.com/photos/90288498/original.jpeg";2020;40.7941733333;-73.9518516667;"Apiaceae";"Apiaceae";TRUE;"Foeniculum";"Foeniculum";TRUE
56855225;"https://inaturalist-open-data.s3.amazonaws.com/photos/90634824/original.jpg";2020;45.63622833;-122.508545;"Lamiaceae";"Lamiaceae";TRUE;"Mentha";"Mentha";TRUE
56861762;"https://static.inaturalist.org/photos/90646538/original.jpeg";2020;46.4025910382;-63.8096498698;"Asteraceae";"Asteraceae";TRUE;"Euthamia";"Euthamia";TRUE
56878557;"https://inaturalist-open-data.s3.amazonaws.com/photos/90675001/original.jpg";2020;40.7933406439;-73.9522389416;"Apocynaceae";"Apocynaceae";TRUE;"Asclepias";"Asclepias";TRUE
56880684;"https://static.inaturalist.org/photos/90678637/original.jpeg";2020;39.7964309142;-86.2447011843;"Lamiaceae";"Lamiaceae";TRUE;"Mentha";"Mentha";TRUE
56967069;"https://inaturalist-open-data.s3.amazonaws.com/photos/90825392/original.jpeg";2020;42.716323803;-83.0694302057;"Asteraceae";"Asteraceae";TRUE;"Eupatorium";"Eupatorium";TRUE
57055823;"https://inaturalist-open-data.s3.amazonaws.com/photos/90977451/original.jpg";2020;39.2691698939;-76.7752282592;"Lamiaceae";"Lamiaceae";TRUE;"Pycnanthemum";"Pycnanthemum";TRUE
57153406;"https://static.inaturalist.org/photos/91139249/original.jpeg";2020;43.0139773225;-82.3606783288;"Asteraceae";"Asteraceae";TRUE;"Anaphalis";"Anaphalis";TRUE
57274488;"https://inaturalist-open-data.s3.amazonaws.com/photos/91340346/original.jpg";2020;42.6074563092;-70.6779008662;"Brassicaceae";"Brassicaceae";TRUE;"Lobularia";"Lobularia";TRUE
57342180;"https://static.inaturalist.org/photos/91455322/original.jpg";2020;42.96325333;-85.70717;"Lamiaceae";"Lamiaceae";TRUE;"Mentha";"Mentha";TRUE
57389648;"https://inaturalist-open-data.s3.amazonaws.com/photos/91532981/original.jpeg";2020;43.0084121023;-78.8722339645;"Apiaceae";"Apiaceae";TRUE;"Eryngium";"Eryngium";TRUE
57490306;"https://static.inaturalist.org/photos/91703239/original.jpeg";2020;43.0139773225;-82.3606783288;"Asteraceae";"Asteraceae";TRUE;"Anaphalis";"Anaphalis";TRUE
57494645;"https://static.inaturalist.org/photos/91712105/original.jpg";2020;41.566445;-72.0561445;"Asteraceae";"Asteraceae";TRUE;"Solidago";"Solidago";TRUE
57515273;"https://inaturalist-open-data.s3.amazonaws.com/photos/91747859/original.jpeg";2020;43.1967847685;-80.3660416603;"Asteraceae";"Asteraceae";TRUE;"Solidago";"Euthamia";FALSE
57627972;"https://static.inaturalist.org/photos/91940925/original.jpeg";2020;44.5467430278;6.4295981944;"Apiaceae";"Apiaceae";TRUE;"Eryngium";"Eryngium";TRUE
57636091;"https://inaturalist-open-data.s3.amazonaws.com/photos/91954379/original.jpeg";2020;48.1053766122;14.9192980152;"Asteraceae";"Asteraceae";TRUE;"Solidago";"Solidago";TRUE
57761311;"https://static.inaturalist.org/photos/92163404/original.jpg";2020;38.83171911;-77.0526825561;"Lamiaceae";"Lamiaceae";TRUE;"Pycnanthemum";"Pycnanthemum";TRUE
57826922;"https://inaturalist-open-data.s3.amazonaws.com/photos/92273000/original.jpeg";2020;50.1248879989;8.6562853784;"Asteraceae";"Asteraceae";TRUE;"Solidago";"Solidago";TRUE
57845764;"https://static.inaturalist.org/photos/92303347/original.jpg";2020;38.8319673809;-77.0526779351;"Lamiaceae";"Lamiaceae";TRUE;"Pycnanthemum";"Pycnanthemum";TRUE
57934530;"https://static.inaturalist.org/photos/93664761/original.jpg";2020;40.9461025894;-73.8139325102;"Lamiaceae";"Lamiaceae";TRUE;"Monarda";"Monarda";TRUE
58021699;"https://inaturalist-open-data.s3.amazonaws.com/photos/92599737/original.jpg";2020;42.9575112882;-81.3387527224;"Asteraceae";"Asteraceae";TRUE;"Eupatorium";"Eupatorium";TRUE
58050436;"https://inaturalist-open-data.s3.amazonaws.com/photos/92645525/original.jpeg";2020;42.0857083333;-71.7188916667;"Asteraceae";"Asteraceae";TRUE;"Eupatorium";"Eupatorium";TRUE
58053453;"https://static.inaturalist.org/photos/92650313/original.jpg";2020;41.56638667;-72.05622783;"Asteraceae";"Asteraceae";TRUE;"Solidago";"Solidago";TRUE
58169605;"https://inaturalist-open-data.s3.amazonaws.com/photos/92846837/original.jpg";2020;39.24605333;-84.418045;"Asteraceae";"Asteraceae";TRUE;"Eupatorium";"Eupatorium";TRUE
58261232;"https://inaturalist-open-data.s3.amazonaws.com/photos/92997437/original.jpg";2020;42.4856498748;-71.20311788;"Asteraceae";"Asteraceae";TRUE;"Solidago";"Euthamia";FALSE
58273522;"https://inaturalist-open-data.s3.amazonaws.com/photos/93018785/original.jpg";2020;39.32107167;-84.37815833;"Lamiaceae";"Lamiaceae";TRUE;"Pycnanthemum";"Pycnanthemum";TRUE
58341062;"https://inaturalist-open-data.s3.amazonaws.com/photos/93136398/original.jpeg";2020;49.6086783922;8.3370598875;"Lamiaceae";"Lamiaceae";TRUE;"Mentha";"Mentha";TRUE
58415220;"https://static.inaturalist.org/photos/93261924/original.jpeg";2020;47.4397225;-2.0978313889;"Apiaceae";"Apiaceae";TRUE;"Heracleum";"Heracleum";TRUE
58455262;"https://static.inaturalist.org/photos/93327264/original.jpg";2020;41.56638667;-72.05625833;"Asteraceae";"Asteraceae";TRUE;"Solidago";"Solidago";TRUE
58494164;"https://inaturalist-open-data.s3.amazonaws.com/photos/93393676/original.jpeg";2020;48.003564;3.682564;"Lamiaceae";"Lamiaceae";TRUE;"Mentha";"Mentha";TRUE
58599813;"https://inaturalist-open-data.s3.amazonaws.com/photos/93569834/original.jpeg";2020;49.6088066626;8.3368050777;"Crassulaceae";"Crassulaceae";TRUE;"Hylotelephium";"Hylotelephium";TRUE
58627337;"https://inaturalist-open-data.s3.amazonaws.com/photos/93613975/original.jpg";2020;40.8544085541;-75.468420162;"Asteraceae";"Asteraceae";TRUE;"Solidago";"Solidago";TRUE
58678197;"https://inaturalist-open-data.s3.amazonaws.com/photos/93696579/original.jpeg";2020;45.8508633161;-122.872992475;"Lamiaceae";"Lamiaceae";TRUE;"Mentha";"Mentha";TRUE
59145335;"https://inaturalist-open-data.s3.amazonaws.com/photos/94483730/original.jpg";2020;46.1872555282;6.0127973995;"Lamiaceae";"Lamiaceae";TRUE;"Agastache";"Mentha";FALSE
59496599;"https://inaturalist-open-data.s3.amazonaws.com/photos/95069228/original.jpg";2020;40.150025;-88.09141667;"Crassulaceae";"Crassulaceae";TRUE;"Hylotelephium";"Hylotelephium";TRUE
59748023;"https://inaturalist-open-data.s3.amazonaws.com/photos/95488162/original.jpg";2020;42.2749133333;-71.6325133333;"Asteraceae";"Asteraceae";TRUE;"Solidago";"Euthamia";FALSE
59982355;"https://inaturalist-open-data.s3.amazonaws.com/photos/95880855/original.jpeg";2020;38.9380317;-77.2819304;"Lamiaceae";"Lamiaceae";TRUE;"Pycnanthemum";"Pycnanthemum";TRUE
60085447;"https://inaturalist-open-data.s3.amazonaws.com/photos/96050357/original.jpeg";2020;44.5017777778;-73.2467944444;"Lamiaceae";"Lamiaceae";TRUE;"Pycnanthemum";"Pycnanthemum";TRUE
60085448;"https://inaturalist-open-data.s3.amazonaws.com/photos/96050375/original.jpeg";2020;44.50175;-73.2467722222;"Lamiaceae";"Lamiaceae";TRUE;"Pycnanthemum";"Pycnanthemum";TRUE
60085450;"https://inaturalist-open-data.s3.amazonaws.com/photos/96050386/original.jpeg";2020;44.5017555556;-73.2467722222;"Lamiaceae";"Lamiaceae";TRUE;"Pycnanthemum";"Pycnanthemum";TRUE
60105060;"https://inaturalist-open-data.s3.amazonaws.com/photos/96082651/original.jpg";2020;39.8562258063;-86.1055102107;"Asteraceae";"Asteraceae";TRUE;"Cirsium";"Cirsium";TRUE
60221277;"https://inaturalist-open-data.s3.amazonaws.com/photos/96273247/original.jpg";2020;39.2213104056;-76.4237101956;"Asteraceae";"Asteraceae";TRUE;"Eupatorium";"Mikania";FALSE
60273062;"https://inaturalist-open-data.s3.amazonaws.com/photos/96361397/original.jpg";2020;38.93297167;-77.29865333;"Asteraceae";"Asteraceae";TRUE;"Solidago";"Euthamia";FALSE
61145519;"https://inaturalist-open-data.s3.amazonaws.com/photos/97816998/original.jpg";2020;41.168505;-73.82033667;"Asteraceae";"Asteraceae";TRUE;"Solidago";"Solidago";TRUE
62476726;"https://static.inaturalist.org/photos/100107214/original.jpeg";2020;50.0488116094;19.9315345522;"Fabaceae";"Fabaceae";TRUE;"Melilotus";"Melilotus";TRUE
64077598;"https://inaturalist-open-data.s3.amazonaws.com/photos/102954728/original.jpeg";2020;41.3919567796;-73.0066619584;"Asteraceae";"Asteraceae";TRUE;"Solidago";"Euthamia";FALSE
64479170;"https://inaturalist-open-data.s3.amazonaws.com/photos/103668349/original.jpeg";2020;45.6837477555;10.9037772056;"Fabaceae";"Fabaceae";TRUE;"Melilotus";"Melilotus";TRUE
64966789;"https://inaturalist-open-data.s3.amazonaws.com/photos/104523358/original.jpeg";2014;48.2514143374;16.3770158186;"Apiaceae";"Apiaceae";TRUE;"Eryngium";"Eryngium";TRUE
65186138;"https://inaturalist-open-data.s3.amazonaws.com/photos/104879096/original.jpeg";2020;39.3733616792;-84.4271710545;"Asteraceae";"Asteraceae";TRUE;"Eupatorium";"Eupatorium";TRUE
65421438;"https://inaturalist-open-data.s3.amazonaws.com/photos/105282684/original.jpeg";2019;44.9212286298;-93.6694249648;"Lamiaceae";"Lamiaceae";TRUE;"Monarda";"Monarda";TRUE
65440538;"https://static.inaturalist.org/photos/105329980/original.jpg";2020;30.3373888889;-97.6537694444;"Asteraceae";"Asteraceae";TRUE;"Pluchea";"Pluchea";TRUE
65683071;"https://inaturalist-open-data.s3.amazonaws.com/photos/105706002/original.jpeg";2020;43.8261933918;3.7697128924;"Lamiaceae";"Lamiaceae";TRUE;"Mentha";"Mentha";TRUE
65794827;"https://static.inaturalist.org/photos/105959195/original.jpg";2020;45.4382382;-76.353433;"Apiaceae";"Apiaceae";TRUE;"Eryngium";"Eryngium";TRUE
66092096;"https://inaturalist-open-data.s3.amazonaws.com/photos/106470527/original.jpeg";2020;40.71941597;-73.65172874;"Apocynaceae";"Apocynaceae";TRUE;"Apocynum";"Apocynum";TRUE
66160778;"https://inaturalist-open-data.s3.amazonaws.com/photos/106595594/original.jpeg";2020;40.71934376;-73.65174922;"Lamiaceae";"Lamiaceae";TRUE;"Pycnanthemum";"Pycnanthemum";TRUE
66586845;"https://inaturalist-open-data.s3.amazonaws.com/photos/107374591/original.jpeg";2020;43.6747028;-79.3335131;"Lamiaceae";"Lamiaceae";TRUE;"Pycnanthemum";"Pycnanthemum";TRUE
66595061;"https://inaturalist-open-data.s3.amazonaws.com/photos/107391044/original.jpeg";2020;45.5843909589;0.7588160411;"Ericaceae";"Ericaceae";TRUE;"Erica";"Erica";TRUE
67773585;"https://inaturalist-open-data.s3.amazonaws.com/photos/109587447/original.jpg";2020;41.0416759212;-73.8462342941;"Lamiaceae";"Lamiaceae";TRUE;"Pycnanthemum";"Pycnanthemum";TRUE
67826665;"https://inaturalist-open-data.s3.amazonaws.com/photos/109679792/original.jpeg";2020;39.3329159209;-84.405733964;"Asteraceae";"Asteraceae";TRUE;"Eupatorium";"Eupatorium";TRUE
68031184;"https://static.inaturalist.org/photos/110063829/original.jpg";2020;41.56633333;-72.05623617;"Asteraceae";"Asteraceae";TRUE;"Solidago";"Solidago";TRUE
68240494;"https://inaturalist-open-data.s3.amazonaws.com/photos/110443310/original.jpg";2020;44.9538317621;8.1026983717;"Asteraceae";"Asteraceae";TRUE;"Solidago";"Solidago";TRUE
68348444;"https://inaturalist-open-data.s3.amazonaws.com/photos/110646797/original.jpg";2020;41.0418822677;-73.8459821665;"Lamiaceae";"Lamiaceae";TRUE;"Pycnanthemum";"Pycnanthemum";TRUE
69066793;"https://inaturalist-open-data.s3.amazonaws.com/photos/111986191/original.jpg";2020;42.2749116667;-71.6326933333;"Asteraceae";"Asteraceae";TRUE;"Solidago";"Euthamia";FALSE
69472251;"https://inaturalist-open-data.s3.amazonaws.com/photos/112729859/original.jpg";2020;50.1565252799;8.8350632079;"Apiaceae";"Apiaceae";TRUE;"Eryngium";"Eryngium";TRUE
69623251;"https://inaturalist-open-data.s3.amazonaws.com/photos/113009529/original.jpeg";2020;45.798543;20.145121;"Lamiaceae";"Lamiaceae";TRUE;"Mentha";"Mentha";TRUE
69685758;"https://inaturalist-open-data.s3.amazonaws.com/photos/113126155/original.jpg";2013;48.6159659031;2.4046347076;"Apiaceae";"Apiaceae";TRUE;"Eryngium";"Eryngium";TRUE
69740052;"https://inaturalist-open-data.s3.amazonaws.com/photos/113230781/original.jpeg";2016;44.8982943372;-93.3702924136;"Asteraceae";"Asteraceae";TRUE;"Cirsium";"Cirsium";TRUE
70005497;"https://inaturalist-open-data.s3.amazonaws.com/photos/113722770/original.jpg";2020;41.8131633333;-87.897025;"Asteraceae";"Asteraceae";TRUE;"Eupatorium";"Eupatorium";TRUE
70135593;"https://inaturalist-open-data.s3.amazonaws.com/photos/113959672/original.jpeg";2020;50.1246243499;8.5828895403;"Apiaceae";"Apiaceae";TRUE;"Eryngium";"Eryngium";TRUE
70324492;"https://inaturalist-open-data.s3.amazonaws.com/photos/114300305/original.jpg";2015;49.4787637;8.5277054;"Apiaceae";"Apiaceae";TRUE;"Eryngium";"Eryngium";TRUE
70389165;"https://inaturalist-open-data.s3.amazonaws.com/photos/114420981/original.jpg";2017;50.1246859436;8.5827284325;"Apiaceae";"Apiaceae";TRUE;"Eryngium";"Eryngium";TRUE
70462877;"https://static.inaturalist.org/photos/114556183/original.jpeg";2017;45.9192861111;6.1433583333;"Lamiaceae";"Lamiaceae";TRUE;"Mentha";"Mentha";TRUE
70834388;"https://static.inaturalist.org/photos/115227705/original.jpg";2020;39.13148279;-77.701872189;"Lamiaceae";"Lamiaceae";TRUE;"Pycnanthemum";"Pycnanthemum";TRUE
70835006;"https://static.inaturalist.org/photos/115228637/original.jpg";2020;39.1006807425;-77.6729985792;"Lamiaceae";"Lamiaceae";TRUE;"Pycnanthemum";"Pycnanthemum";TRUE
71341419;"https://static.inaturalist.org/photos/116138839/original.jpg";2020;39.1515975188;-77.7804212251;"Lamiaceae";"Lamiaceae";TRUE;"Pycnanthemum";"Pycnanthemum";TRUE
72284213;"https://inaturalist-open-data.s3.amazonaws.com/photos/117822089/original.jpg";2020;42.2748416667;-71.6323866667;"Asteraceae";"Asteraceae";TRUE;"Solidago";"Euthamia";FALSE
72397565;"https://static.inaturalist.org/photos/118030385/original.jpeg";2020;49.1370836694;8.0995782092;"Apiaceae";"Apiaceae";TRUE;"Levisticum";"Levisticum";TRUE
72744111;"https://inaturalist-open-data.s3.amazonaws.com/photos/118654801/original.jpg";2020;42.274825;-71.6324616667;"Asteraceae";"Asteraceae";TRUE;"Euthamia";"Euthamia";TRUE
7291940;"https://inaturalist-open-data.s3.amazonaws.com/photos/9433344/original.jpg";2017;45.9843711;15.2903454;"Lamiaceae";"Lamiaceae";TRUE;"Mentha";"Mentha";TRUE
73005070;"https://inaturalist-open-data.s3.amazonaws.com/photos/119132702/original.jpg";2019;50.7392418214;8.29651466;"Apiaceae";"Apiaceae";TRUE;"Eryngium";"Eryngium";TRUE
7328926;"https://inaturalist-open-data.s3.amazonaws.com/photos/9493759/original.jpeg";2017;40.1718004057;-105.2151632309;"Plumbaginaceae";"Plumbaginaceae";TRUE;"Limonium";"Limonium";TRUE
7447871;"https://inaturalist-open-data.s3.amazonaws.com/photos/9685349/original.jpg";2017;49.4153947954;8.6691141129;"Caprifoliaceae";"Caprifoliaceae";TRUE;"Knautia";"Succisella";FALSE
7505359;"https://inaturalist-open-data.s3.amazonaws.com/photos/9780217/original.jpeg";2017;48.2296819;16.3584853;"Asteraceae";"Asteraceae";TRUE;"Solidago";"Solidago";TRUE
7517725;"https://inaturalist-open-data.s3.amazonaws.com/photos/9859306/original.jpg";2017;48.222297;16.341668;"Lamiaceae";"Lamiaceae";TRUE;"Mentha";"Mentha";TRUE
7595275;"https://inaturalist-open-data.s3.amazonaws.com/photos/9922426/original.jpg";2017;39.4732112586;-77.4343835004;"Lamiaceae";"Lamiaceae";TRUE;"Mentha";"Mentha";TRUE
7613750;"https://inaturalist-open-data.s3.amazonaws.com/photos/9952257/original.jpg";2017;49.415377185;8.6691141129;"Caprifoliaceae";"Caprifoliaceae";TRUE;"Knautia";"Succisella";FALSE
77809307;"https://inaturalist-open-data.s3.amazonaws.com/photos/127279611/original.jpeg";2017;46.8744249276;15.8583166376;"Lamiaceae";"Lamiaceae";TRUE;"Mentha";"Mentha";TRUE
7899538;"https://static.inaturalist.org/photos/10419773/original.jpg";2017;37.3142010117;-122.0628310349;"Asteraceae";"Asteraceae";TRUE;"Solidago";"Solidago";TRUE
80059681;"https://static.inaturalist.org/photos/131182574/original.jpg";2021;32.8104457535;-97.2589815279;"Apocynaceae";"Apocynaceae";TRUE;"Asclepias";"Asclepias";TRUE
81468319;"https://inaturalist-open-data.s3.amazonaws.com/photos/133622404/original.jpeg";2021;32.3117664863;-97.0159698973;"Fabaceae";"Fabaceae";TRUE;"Melilotus";"Melilotus";TRUE
81767679;"https://static.inaturalist.org/photos/134134730/original.jpeg";2021;41.0015529091;-81.5171659738;"Apiaceae";"Apiaceae";TRUE;"Pimpinella";"Aegopodium";FALSE
81888322;"https://inaturalist-open-data.s3.amazonaws.com/photos/134338021/original.jpeg";2021;32.3117936888;-97.0159323463;"Fabaceae";"Fabaceae";TRUE;"Melilotus";"Melilotus";TRUE
82923010;"https://inaturalist-open-data.s3.amazonaws.com/photos/136138723/original.jpg";2021;40.0634741667;-76.3624143681;"Rhamnaceae";"Rhamnaceae";TRUE;"Ceanothus";"Ceanothus";TRUE
83539608;"https://static.inaturalist.org/photos/137213126/original.jpg";2021;38.8319383333;-77.0528333333;"Lamiaceae";"Lamiaceae";TRUE;"Pycnanthemum";"Pycnanthemum";TRUE
83797397;"https://static.inaturalist.org/photos/137656302/original.jpg";2021;38.8319333333;-77.0528638333;"Lamiaceae";"Lamiaceae";TRUE;"Pycnanthemum";"Pycnanthemum";TRUE
84062468;"https://inaturalist-open-data.s3.amazonaws.com/photos/138122388/original.jpeg";2015;41.8910723062;-88.0418180187;"Asteraceae";"Asteraceae";TRUE;"Helichrysum";"Anaphalis";FALSE
84105736;"https://static.inaturalist.org/photos/138199084/original.jpeg";2021;30.1717148;-97.2230736;"Lamiaceae";"Lamiaceae";TRUE;"Pycnanthemum";"Monarda";FALSE
84469580;"https://inaturalist-open-data.s3.amazonaws.com/photos/138836222/original.jpg";2021;44.9207086827;-93.464168915;"Rhamnaceae";"Rhamnaceae";TRUE;"Ceanothus";"Ceanothus";TRUE
84504445;"https://inaturalist-open-data.s3.amazonaws.com/photos/138898538/original.jpeg";2021;38.0545149;-122.2295276;"Polygonaceae";"Polygonaceae";TRUE;"Eriogonum";"Eriogonum";TRUE
84617401;"https://static.inaturalist.org/photos/139092086/original.jpeg";2021;41.908367157;-88.2157821655;"Asteraceae";"Asteraceae";TRUE;"Achillea";"Achillea";TRUE
84620867;"https://inaturalist-open-data.s3.amazonaws.com/photos/139097977/original.jpeg";2021;38.0545149;-122.2295276;"Polygonaceae";"Polygonaceae";TRUE;"Eriogonum";"Eriogonum";TRUE
84646791;"https://inaturalist-open-data.s3.amazonaws.com/photos/139144301/original.jpeg";2021;38.051973;-122.2269839;"Apiaceae";"Apiaceae";TRUE;"Foeniculum";"Foeniculum";TRUE
84786259;"https://inaturalist-open-data.s3.amazonaws.com/photos/139392336/original.jpeg";2021;38.0545149;-122.2295276;"Polygonaceae";"Polygonaceae";TRUE;"Eriogonum";"Eriogonum";TRUE
84882263;"https://inaturalist-open-data.s3.amazonaws.com/photos/139567452/original.jpg";2021;50.1235448849;8.6552197386;"Apiaceae";"Apiaceae";TRUE;"Astrantia";"Astrantia";TRUE
85061877;"https://inaturalist-open-data.s3.amazonaws.com/photos/139894191/original.jpeg";2020;42.2421798706;-83.0980606079;"Asphodelaceae";"Asphodelaceae";TRUE;"Hemerocallis";"Hemerocallis";TRUE
85131200;"https://inaturalist-open-data.s3.amazonaws.com/photos/140018358/original.jpg";2021;44.634633628;-63.5193536678;"Asteraceae";"Asteraceae";TRUE;"Achillea";"Achillea";TRUE
85141822;"https://inaturalist-open-data.s3.amazonaws.com/photos/140038029/original.jpeg";2021;39.89460408;-84.30913883;"Lamiaceae";"Lamiaceae";TRUE;"Pycnanthemum";"Pycnanthemum";TRUE
85235392;"https://static.inaturalist.org/photos/140206978/original.jpg";2021;38.83198;-77.0528638333;"Lamiaceae";"Lamiaceae";TRUE;"Pycnanthemum";"Pycnanthemum";TRUE
85278301;"https://inaturalist-open-data.s3.amazonaws.com/photos/140284819/original.jpg";2021;47.5676035047;-122.3777114093;"Apiaceae";"Apiaceae";TRUE;"Orlaya";"Coriandrum";FALSE
85292890;"https://static.inaturalist.org/photos/140311613/original.jpeg";2021;42.2375083104;-71.1587703041;"Lamiaceae";"Lamiaceae";TRUE;"Pycnanthemum";"Pycnanthemum";TRUE
85329051;"https://inaturalist-open-data.s3.amazonaws.com/photos/140378155/original.jpg";2021;45.4802799928;-76.0764241272;"Rhamnaceae";"Rhamnaceae";TRUE;"Ceanothus";"Ceanothus";TRUE
85334984;"https://inaturalist-open-data.s3.amazonaws.com/photos/140388646/original.jpg";2021;45.4802812465;-76.0764245145;"Rhamnaceae";"Rhamnaceae";TRUE;"Ceanothus";"Ceanothus";TRUE
85367479;"https://static.inaturalist.org/photos/140444688/original.jpg";2021;38.831925;-77.0528555;"Lamiaceae";"Lamiaceae";TRUE;"Pycnanthemum";"Pycnanthemum";TRUE
85420903;"https://inaturalist-open-data.s3.amazonaws.com/photos/140543714/original.jpeg";2021;38.0545149;-122.2295276;"Polygonaceae";"Polygonaceae";TRUE;"Eriogonum";"Eriogonum";TRUE
85422599;"https://static.inaturalist.org/photos/140546150/original.png";2021;45.4131699506;-122.7402841517;"Apiaceae";"Apiaceae";TRUE;"Foeniculum";"Anethum";FALSE
85477580;"https://inaturalist-open-data.s3.amazonaws.com/photos/140646544/original.jpg";2021;44.1997019751;-77.8898805779;"Asteraceae";"Asteraceae";TRUE;"Achillea";"Achillea";TRUE
85611949;"https://inaturalist-open-data.s3.amazonaws.com/photos/140889329/original.jpeg";2021;42.8455342;-78.8622364997;"Aquifoliaceae";"Apocynaceae";FALSE;"Ilex";"Apocynum";FALSE
85638837;"https://static.inaturalist.org/photos/140929020/original.jpg";2021;52.5203663042;13.4415124994;"Asteraceae";"Asteraceae";TRUE;"Erigeron";"Erigeron";TRUE
85702198;"https://inaturalist-open-data.s3.amazonaws.com/photos/141052653/original.jpeg";2021;45.54798;-122.570367;"Apiaceae";"Apiaceae";TRUE;"Foeniculum";"Foeniculum";TRUE
85704583;"https://inaturalist-open-data.s3.amazonaws.com/photos/141057442/original.jpg";2021;49.3233392732;-122.9809479503;"Anacardiaceae";"Anacardiaceae";TRUE;"Rhus";"Rhus";TRUE
85716289;"https://inaturalist-open-data.s3.amazonaws.com/photos/141077828/original.jpeg";2021;38.971025453;-76.948048087;"Lamiaceae";"Lamiaceae";TRUE;"Pycnanthemum";"Pycnanthemum";TRUE
85721461;"https://inaturalist-open-data.s3.amazonaws.com/photos/141089862/original.jpeg";2021;45.5478627;-122.5703991997;"Apiaceae";"Apiaceae";TRUE;"Foeniculum";"Foeniculum";TRUE
85761436;"https://inaturalist-open-data.s3.amazonaws.com/photos/141161499/original.jpg";2021;42.3960686151;-71.9658675333;"Asteraceae";"Asteraceae";TRUE;"Tagetes";"Tagetes";TRUE
85795514;"https://inaturalist-open-data.s3.amazonaws.com/photos/141222528/original.jpeg";2021;39.0945837595;-77.4039992488;"Lamiaceae";"Lamiaceae";TRUE;"Pycnanthemum";"Pycnanthemum";TRUE
85856353;"https://static.inaturalist.org/photos/141334090/original.jpg";2021;41.9918583333;-82.8778916667;"Hydrangeaceae";"Hydrangeaceae";TRUE;"Hydrangea";"Hydrangea";TRUE
85946533;"https://inaturalist-open-data.s3.amazonaws.com/photos/141485270/original.jpeg";2021;35.8758217434;-81.5040027987;"Aquifoliaceae";"Celastraceae";FALSE;"Ilex";"Euonymus";FALSE
86060774;"https://inaturalist-open-data.s3.amazonaws.com/photos/141707224/original.jpg";2021;38.807029575;-77.3906952481;"Lamiaceae";"Lamiaceae";TRUE;"Pycnanthemum";"Pycnanthemum";TRUE
86155996;"https://static.inaturalist.org/photos/141884811/original.jpeg";2021;41.4207572936;2.0999338625;"Rosaceae";"Rosaceae";TRUE;"Rubus";"Rubus";TRUE
86355711;"https://inaturalist-open-data.s3.amazonaws.com/photos/142248746/original.jpg";2021;40.9429366667;-77.7871866667;"Apiaceae";"Apiaceae";TRUE;"Foeniculum";"Pastinaca";FALSE
86383776;"https://inaturalist-open-data.s3.amazonaws.com/photos/142300648/original.jpeg";2021;49.5023646595;5.8636287815;"Asteraceae";"Asteraceae";TRUE;"Erigeron";"Erigeron";TRUE
86400030;"https://static.inaturalist.org/photos/142329014/original.jpg";2021;46.69262;7.6733633333;"Asteraceae";"Asteraceae";TRUE;"Achillea";"Achillea";TRUE
86459717;"https://inaturalist-open-data.s3.amazonaws.com/photos/142431002/original.jpg";2021;49.4154163058;8.6691706419;"Apiaceae";"Apiaceae";TRUE;"Eryngium";"Eryngium";TRUE
86460987;"https://inaturalist-open-data.s3.amazonaws.com/photos/142432723/original.jpeg";2021;41.4500396537;-70.5662923147;"Apocynaceae";"Apocynaceae";TRUE;"Asclepias";"Asclepias";TRUE
86575676;"https://inaturalist-open-data.s3.amazonaws.com/photos/142638205/original.jpg";2020;40.8103629376;-73.955853757;"Lamiaceae";"Lamiaceae";TRUE;"Pycnanthemum";"Pycnanthemum";TRUE
86586070;"https://inaturalist-open-data.s3.amazonaws.com/photos/142653870/original.jpeg";2021;49.8633863167;8.631766789;"Fabaceae";"Fabaceae";TRUE;"Melilotus";"Melilotus";TRUE
86601929;"https://inaturalist-open-data.s3.amazonaws.com/photos/142693702/original.jpeg";2021;49.857504159;8.638143666;"Fabaceae";"Fabaceae";TRUE;"Melilotus";"Melilotus";TRUE
86615501;"https://static.inaturalist.org/photos/142719200/original.jpeg";2021;39.1333399247;-76.6645373125;"Lamiaceae";"Lamiaceae";TRUE;"Pycnanthemum";"Pycnanthemum";TRUE
86651164;"https://inaturalist-open-data.s3.amazonaws.com/photos/142783747/original.jpeg";2021;38.0545149;-122.2295276;"Polygonaceae";"Polygonaceae";TRUE;"Eriogonum";"Eriogonum";TRUE
86656197;"https://inaturalist-open-data.s3.amazonaws.com/photos/142793671/original.jpeg";2021;47.6240495382;-122.2052389218;"Apiaceae";"Apiaceae";TRUE;"Astrantia";"Astrantia";TRUE
86712330;"https://inaturalist-open-data.s3.amazonaws.com/photos/142889095/original.jpeg";2021;42.4347185469;-71.4563601448;"Apiaceae";"Apiaceae";TRUE;"Eryngium";"Eryngium";TRUE
86712335;"https://inaturalist-open-data.s3.amazonaws.com/photos/142894361/original.jpg";2021;42.4347185469;-71.4563601448;"Apiaceae";"Apiaceae";TRUE;"Eryngium";"Eryngium";TRUE
86729612;"https://static.inaturalist.org/photos/142926152/original.jpeg";2021;48.8437377519;2.3598151834;"Apiaceae";"Apiaceae";TRUE;"Eryngium";"Eryngium";TRUE
87192226;"https://inaturalist-open-data.s3.amazonaws.com/photos/143713216/original.jpg";2021;48.8223508799;2.4602269626;"Amaryllidaceae";"Amaryllidaceae";TRUE;"Allium";"Allium";TRUE
87212559;"https://inaturalist-open-data.s3.amazonaws.com/photos/143731129/original.jpeg";2021;43.7238421576;-79.3647911846;"Asteraceae";"Asteraceae";TRUE;"Cirsium";"Cirsium";TRUE
87293276;"https://inaturalist-open-data.s3.amazonaws.com/photos/143897427/original.jpg";2021;39.3211166667;-84.378175;"Lamiaceae";"Lamiaceae";TRUE;"Pycnanthemum";"Pycnanthemum";TRUE
87457320;"https://inaturalist-open-data.s3.amazonaws.com/photos/144193082/original.jpeg";2021;38.9763637;-76.945559;"Lamiaceae";"Lamiaceae";TRUE;"Pycnanthemum";"Pycnanthemum";TRUE
87504405;"https://inaturalist-open-data.s3.amazonaws.com/photos/144280324/original.jpeg";2021;47.6304732311;-122.0900562778;"Apiaceae";"Apiaceae";TRUE;"Foeniculum";"Foeniculum";TRUE
87551836;"https://inaturalist-open-data.s3.amazonaws.com/photos/144360929/original.jpg";2021;50.1210721667;8.6689633333;"Hypericaceae";"Hypericaceae";TRUE;"Hypericum";"Hypericum";TRUE
87617749;"https://inaturalist-open-data.s3.amazonaws.com/photos/144474559/original.jpeg";2021;48.8460769653;9.2106800079;"Fabaceae";"Fabaceae";TRUE;"Melilotus";"Melilotus";TRUE
87618786;"https://inaturalist-open-data.s3.amazonaws.com/photos/144476444/original.jpeg";2021;47.6965606667;-122.3735391667;"Rosaceae";"Rosaceae";TRUE;"Potentilla";"Dasiphora";FALSE
87665867;"https://static.inaturalist.org/photos/144560705/original.jpeg";2021;37.8065891057;-122.2590726614;"Asteraceae";"Asteraceae";TRUE;"Baccharis";"Baccharis";TRUE
87714402;"https://inaturalist-open-data.s3.amazonaws.com/photos/145093548/original.jpeg";2021;48.4007557109;11.7283931002;"Asteraceae";"Asteraceae";TRUE;"Solidago";"Solidago";TRUE
87725807;"https://inaturalist-open-data.s3.amazonaws.com/photos/144665713/original.jpg";2021;38.8608466667;-94.6843033333;"Apiaceae";"Apiaceae";TRUE;"Eryngium";"Eryngium";TRUE
87767209;"https://inaturalist-open-data.s3.amazonaws.com/photos/144736585/original.jpg";2021;50.6191657345;3.1255926226;"Apiaceae";"Apiaceae";TRUE;"Foeniculum";"Foeniculum";TRUE
87791466;"https://static.inaturalist.org/photos/144780359/original.jpeg";2021;45.5759861111;-122.70745;"Amaryllidaceae";"Amaryllidaceae";TRUE;"Allium";"Allium";TRUE
87917459;"https://inaturalist-open-data.s3.amazonaws.com/photos/145011014/original.jpeg";2021;47.5597839355;-122.3176956177;"Apiaceae";"Apiaceae";TRUE;"Coriandrum";"Coriandrum";TRUE
87948784;"https://inaturalist-open-data.s3.amazonaws.com/photos/145057354/original.jpg";2021;37.2358283123;-121.8879598932;"Celastraceae";"Celastraceae";TRUE;"Euonymus";"Euonymus";TRUE
88148358;"https://inaturalist-open-data.s3.amazonaws.com/photos/145401808/original.jpg";2021;44.3626057266;-68.2081990232;"Araliaceae";"Araliaceae";TRUE;"Aralia";"Aralia";TRUE
88199955;"https://inaturalist-open-data.s3.amazonaws.com/photos/145495906/original.jpeg";2021;38.7846201997;-77.2985163997;"Lamiaceae";"Lamiaceae";TRUE;"Pycnanthemum";"Pycnanthemum";TRUE
88362381;"https://static.inaturalist.org/photos/145783797/original.jpeg";2021;50.1264376;8.6571934;"Apiaceae";"Apiaceae";TRUE;"Eryngium";"Eryngium";TRUE
88393528;"https://inaturalist-open-data.s3.amazonaws.com/photos/145836871/original.jpeg";2021;49.8577178565;8.6384732281;"Brassicaceae";"Brassicaceae";TRUE;"Berteroa";"Berteroa";TRUE
88436952;"https://inaturalist-open-data.s3.amazonaws.com/photos/145910113/original.jpg";2021;43.7776402793;-79.3777716108;"Apiaceae";"Apiaceae";TRUE;"Foeniculum";"Pastinaca";FALSE
88445671;"https://inaturalist-open-data.s3.amazonaws.com/photos/145927604/original.jpg";2021;45.5867828178;-122.7230747231;"Amaranthaceae";"Amaranthaceae";TRUE;"Celosia";"Celosia";TRUE
88471964;"https://inaturalist-open-data.s3.amazonaws.com/photos/145974139/original.jpeg";2021;38.0545149;-122.2295276;"Polygonaceae";"Polygonaceae";TRUE;"Eriogonum";"Eriogonum";TRUE
88536860;"https://inaturalist-open-data.s3.amazonaws.com/photos/146089275/original.jpg";2021;48.7708784;2.5221629;"Primulaceae";"Primulaceae";TRUE;"Lysimachia";"Lysimachia";TRUE
88574253;"https://inaturalist-open-data.s3.amazonaws.com/photos/146153413/original.jpg";2021;41.1499111667;-81.3869333333;"Asteraceae";"Asteraceae";TRUE;"Erigeron";"Erigeron";TRUE
88590639;"https://static.inaturalist.org/photos/146182893/original.jpeg";2021;41.369871;-73.009743;"Apocynaceae";"Apocynaceae";TRUE;"Apocynum";"Apocynum";TRUE
88631682;"https://inaturalist-open-data.s3.amazonaws.com/photos/146258110/original.jpg";2021;42.3462055297;-76.2395185372;"Apiaceae";"Apiaceae";TRUE;"Eryngium";"Eryngium";TRUE
88753589;"https://inaturalist-open-data.s3.amazonaws.com/photos/146478502/original.jpg";2021;41.8077;-87.99923;"Apiaceae";"Apiaceae";TRUE;"Eryngium";"Eryngium";TRUE
88854207;"https://inaturalist-open-data.s3.amazonaws.com/photos/146658804/original.jpg";2021;38.9577080172;-77.2619446812;"Lamiaceae";"Lamiaceae";TRUE;"Pycnanthemum";"Pycnanthemum";TRUE
88855221;"https://inaturalist-open-data.s3.amazonaws.com/photos/146660624/original.jpeg";2021;44.12163061;-123.13387087;"Lamiaceae";"Lamiaceae";TRUE;"Mentha";"Mentha";TRUE
88949899;"https://static.inaturalist.org/photos/146831185/original.jpeg";2021;47.7246343135;-122.2231887281;"Asteraceae";"Asteraceae";TRUE;"Anaphalis";"Anaphalis";TRUE
88972333;"https://inaturalist-open-data.s3.amazonaws.com/photos/146869986/original.jpg";2021;50.1280583333;8.6581916667;"Apiaceae";"Apiaceae";TRUE;"Eryngium";"Eryngium";TRUE
89088460;"https://inaturalist-open-data.s3.amazonaws.com/photos/147072849/original.jpg";2021;52.2173613486;21.0302945915;"Apiaceae";"Apiaceae";TRUE;"Foeniculum";"Foeniculum";TRUE
89333398;"https://inaturalist-open-data.s3.amazonaws.com/photos/147510790/original.jpg";2021;48.1357116667;16.2392366667;"Apiaceae";"Apiaceae";TRUE;"Eryngium";"Eryngium";TRUE
89379619;"https://inaturalist-open-data.s3.amazonaws.com/photos/147590171/original.jpg";2021;43.2905533333;-79.8748466667;"Lamiaceae";"Lamiaceae";TRUE;"Mentha";"Mentha";TRUE
89424392;"https://inaturalist-open-data.s3.amazonaws.com/photos/147669683/original.jpg";2021;43.778243;-79.3827578;"Apiaceae";"Apiaceae";TRUE;"Foeniculum";"Pastinaca";FALSE
89474750;"https://inaturalist-open-data.s3.amazonaws.com/photos/147761375/original.jpeg";2021;48.6499149014;9.573572427;"Hydrangeaceae";"Hydrangeaceae";TRUE;"Hydrangea";"Hydrangea";TRUE
89663170;"https://static.inaturalist.org/photos/148092075/original.jpeg";2021;46.115975987;-0.9349952638;"Lamiaceae";"Lamiaceae";TRUE;"Mentha";"Mentha";TRUE
89679915;"https://inaturalist-open-data.s3.amazonaws.com/photos/148164187/original.jpg";2021;42.5261502201;-96.4076915571;"Lamiaceae";"Lamiaceae";TRUE;"Mentha";"Mentha";TRUE
89859099;"https://inaturalist-open-data.s3.amazonaws.com/photos/148434483/original.jpg";2021;40.7935921129;-82.7854291559;"Lamiaceae";"Lamiaceae";TRUE;"Pycnanthemum";"Pycnanthemum";TRUE
89899188;"https://inaturalist-open-data.s3.amazonaws.com/photos/148507007/original.jpeg";2021;48.699224;2.140404;"Apiaceae";"Apiaceae";TRUE;"Heracleum";"Heracleum";TRUE
89983510;"https://inaturalist-open-data.s3.amazonaws.com/photos/148651076/original.jpg";2021;39.5714925168;-77.6437748666;"Lamiaceae";"Lamiaceae";TRUE;"Mentha";"Mentha";TRUE
90112168;"https://inaturalist-open-data.s3.amazonaws.com/photos/148884267/original.jpeg";2021;39.5284058627;-84.4959799655;"Apiaceae";"Apiaceae";TRUE;"Daucus";"Daucus";TRUE
90406607;"https://inaturalist-open-data.s3.amazonaws.com/photos/149420190/original.jpg";2021;44.9637416956;-93.1448138811;"Hydrangeaceae";"Hydrangeaceae";TRUE;"Hydrangea";"Hydrangea";TRUE
90456214;"https://static.inaturalist.org/photos/149503193/original.jpg";2021;46.2096033092;14.5489004631;"Hydrangeaceae";"Hydrangeaceae";TRUE;"Hydrangea";"Hydrangea";TRUE
90469481;"https://static.inaturalist.org/photos/149526342/original.jpeg";2021;43.0139773225;-82.3606783288;"Asteraceae";"Asteraceae";TRUE;"Anaphalis";"Anaphalis";TRUE
90595540;"https://inaturalist-open-data.s3.amazonaws.com/photos/149743334/original.jpeg";2021;40.6550020972;-74.0033536602;"Lamiaceae";"Lamiaceae";TRUE;"Pycnanthemum";"Pycnanthemum";TRUE
90611839;"https://inaturalist-open-data.s3.amazonaws.com/photos/149774252/original.jpeg";2021;45.3953912959;-75.8440732956;"Asteraceae";"Asteraceae";TRUE;"Euthamia";"Euthamia";TRUE
90618975;"https://inaturalist-open-data.s3.amazonaws.com/photos/149788301/original.jpeg";2021;38.0545149;-122.2295276;"Polygonaceae";"Polygonaceae";TRUE;"Eriogonum";"Eriogonum";TRUE
90644479;"https://static.inaturalist.org/photos/149832743/original.jpeg";2021;46.6346980556;1.1025580556;"Lamiaceae";"Lamiaceae";TRUE;"Mentha";"Mentha";TRUE
90662527;"https://static.inaturalist.org/photos/149860022/original.jpg";2021;42.698649;-80.410115;"Lamiaceae";"Lamiaceae";TRUE;"Pycnanthemum";"Pycnanthemum";TRUE
90667255;"https://inaturalist-open-data.s3.amazonaws.com/photos/149868040/original.jpeg";2021;49.4003562927;11.17882061;"Asteraceae";"Asteraceae";TRUE;"Erigeron";"Erigeron";TRUE
90672564;"https://inaturalist-open-data.s3.amazonaws.com/photos/149875646/original.jpg";2021;50.1351669572;8.6991215419;"Lamiaceae";"Lamiaceae";TRUE;"Mentha";"Mentha";TRUE
90679238;"https://inaturalist-open-data.s3.amazonaws.com/photos/149881707/original.jpeg";2021;43.7717687055;1.7955813497;"Lamiaceae";"Lamiaceae";TRUE;"Mentha";"Mentha";TRUE
90691927;"https://inaturalist-open-data.s3.amazonaws.com/photos/149910419/original.jpeg";2021;47.3584844251;8.559957929;"Apiaceae";"Apiaceae";TRUE;"Eryngium";"Eryngium";TRUE
90754972;"https://static.inaturalist.org/photos/150020987/original.jpeg";2021;49.7035183476;9.2497204989;"Lamiaceae";"Lamiaceae";TRUE;"Mentha";"Mentha";TRUE
90769255;"https://inaturalist-open-data.s3.amazonaws.com/photos/150045419/original.jpg";2021;41.2040545599;-86.7207561569;"Lamiaceae";"Lamiaceae";TRUE;"Monarda";"Monarda";TRUE
90881115;"https://static.inaturalist.org/photos/150245958/original.jpeg";2021;43.3497123717;0.0942068769;"Lamiaceae";"Lamiaceae";TRUE;"Mentha";"Mentha";TRUE
90926854;"https://inaturalist-open-data.s3.amazonaws.com/photos/150326921/original.jpeg";2021;47.4942357909;19.0760527735;"Lamiaceae";"Lamiaceae";TRUE;"Mentha";"Mentha";TRUE
90954995;"https://inaturalist-open-data.s3.amazonaws.com/photos/150379292/original.jpeg";2021;38.0545149;-122.2295276;"Polygonaceae";"Polygonaceae";TRUE;"Eriogonum";"Eriogonum";TRUE
90983447;"https://inaturalist-open-data.s3.amazonaws.com/photos/150429741/original.jpeg";2021;47.9119566667;16.163845;"Apiaceae";"Apiaceae";TRUE;"Eryngium";"Eryngium";TRUE
90984803;"https://inaturalist-open-data.s3.amazonaws.com/photos/150433032/original.jpg";2021;48.7100412106;9.2076956333;"Asteraceae";"Asteraceae";TRUE;"Solidago";"Solidago";TRUE
91014440;"https://static.inaturalist.org/photos/150483711/original.jpg";2021;43.2725966667;-79.9710083333;"Lamiaceae";"Lamiaceae";TRUE;"Pycnanthemum";"Pycnanthemum";TRUE
91035219;"https://static.inaturalist.org/photos/150519804/original.jpeg";2021;47.4896029371;-122.3184004783;"Lamiaceae";"Lamiaceae";TRUE;"Mentha";"Mentha";TRUE
91059276;"https://inaturalist-open-data.s3.amazonaws.com/photos/150562520/original.jpeg";2021;40.6426435696;-73.9681564271;"Lamiaceae";"Lamiaceae";TRUE;"Pycnanthemum";"Pycnanthemum";TRUE
91142889;"https://static.inaturalist.org/photos/150712646/original.jpeg";2021;48.3317208561;16.3023068011;"Asteraceae";"Asteraceae";TRUE;"Eupatorium";"Eupatorium";TRUE
91301123;"https://inaturalist-open-data.s3.amazonaws.com/photos/150997045/original.jpg";2021;40.2100438765;-74.774211282;"Lamiaceae";"Lamiaceae";TRUE;"Pycnanthemum";"Pycnanthemum";TRUE
91353554;"https://static.inaturalist.org/photos/151081801/original.jpeg";2021;41.0536307845;-74.5684558815;"Lamiaceae";"Lamiaceae";TRUE;"Pycnanthemum";"Pycnanthemum";TRUE
91385781;"https://inaturalist-open-data.s3.amazonaws.com/photos/151151823/original.jpg";2021;48.0044132138;16.2718591372;"Amaryllidaceae";"Amaryllidaceae";TRUE;"Allium";"Allium";TRUE
91403653;"https://static.inaturalist.org/photos/151184146/original.jpg";2021;42.9826351324;-85.414179166;"Asteraceae";"Asteraceae";TRUE;"Eupatorium";"Eupatorium";TRUE
91441598;"https://inaturalist-open-data.s3.amazonaws.com/photos/151246909/original.jpeg";2021;50.0413224795;14.3644431721;"Apiaceae";"Apiaceae";TRUE;"Eryngium";"Eryngium";TRUE
91449138;"https://inaturalist-open-data.s3.amazonaws.com/photos/151267846/original.jpeg";2021;42.2412375143;-88.3161966875;"Lamiaceae";"Lamiaceae";TRUE;"Pycnanthemum";"Pycnanthemum";TRUE
91848710;"https://inaturalist-open-data.s3.amazonaws.com/photos/151990529/original.jpg";2021;43.1940166667;6.0091283333;"Araliaceae";"Araliaceae";TRUE;"Hedera";"Hedera";TRUE
92049525;"https://inaturalist-open-data.s3.amazonaws.com/photos/152350085/original.jpeg";2021;42.2663028507;-71.184215499;"Rosaceae";"Rosaceae";TRUE;"Spiraea";"Spiraea";TRUE
92158133;"https://static.inaturalist.org/photos/152544735/original.jpeg";2021;38.9716833333;-77.4052027778;"Lamiaceae";"Lamiaceae";TRUE;"Pycnanthemum";"Pycnanthemum";TRUE
92249753;"https://inaturalist-open-data.s3.amazonaws.com/photos/152712570/original.jpg";2021;43.1940572805;6.0091930407;"Araliaceae";"Araliaceae";TRUE;"Hedera";"Hedera";TRUE
92269282;"https://inaturalist-open-data.s3.amazonaws.com/photos/152749612/original.jpg";2021;47.513925555;7.7424275966;"Fabaceae";"Fabaceae";TRUE;"Melilotus";"Melilotus";TRUE
92362681;"https://inaturalist-open-data.s3.amazonaws.com/photos/152921047/original.jpg";2021;40.6426405508;-73.9681662444;"Lamiaceae";"Lamiaceae";TRUE;"Pycnanthemum";"Pycnanthemum";TRUE
92363991;"https://inaturalist-open-data.s3.amazonaws.com/photos/152923402/original.jpg";2021;40.6426374099;-73.9681693051;"Lamiaceae";"Lamiaceae";TRUE;"Pycnanthemum";"Pycnanthemum";TRUE
92398128;"https://inaturalist-open-data.s3.amazonaws.com/photos/152984413/original.jpg";2021;40.6426371882;-73.9681643976;"Lamiaceae";"Lamiaceae";TRUE;"Pycnanthemum";"Pycnanthemum";TRUE
92411653;"https://inaturalist-open-data.s3.amazonaws.com/photos/153007936/original.jpg";2021;42.4349733333;-71.4554416667;"Asteraceae";"Asteraceae";TRUE;"Euthamia";"Euthamia";TRUE
92464065;"https://static.inaturalist.org/photos/153103323/original.jpeg";2021;47.8990209674;1.8842632324;"Lamiaceae";"Lamiaceae";TRUE;"Mentha";"Mentha";TRUE
92589014;"https://inaturalist-open-data.s3.amazonaws.com/photos/153324225/original.jpg";2021;43.1941666667;6.0090616667;"Araliaceae";"Araliaceae";TRUE;"Hedera";"Hedera";TRUE
92680582;"https://inaturalist-open-data.s3.amazonaws.com/photos/153493815/original.jpg";2021;45.7279616667;4.834705;"Amaryllidaceae";"Amaryllidaceae";TRUE;"Allium";"Allium";TRUE
92830178;"https://inaturalist-open-data.s3.amazonaws.com/photos/153761446/original.jpg";2021;43.033476884;-76.1399037243;"Asteraceae";"Asteraceae";TRUE;"Solidago";"Solidago";TRUE
92842657;"https://inaturalist-open-data.s3.amazonaws.com/photos/153785244/original.jpg";2021;47.4955887978;7.640027381;"Asteraceae";"Asteraceae";TRUE;"Cirsium";"Cirsium";TRUE
92983894;"https://inaturalist-open-data.s3.amazonaws.com/photos/154031694/original.jpeg";2021;44.5902741753;-123.2672038227;"Apiaceae";"Apiaceae";TRUE;"Daucus";"Daucus";TRUE
93137850;"https://static.inaturalist.org/photos/154323235/original.jpeg";2021;44.7358269;-63.7928628;"Asteraceae";"Asteraceae";TRUE;"Anaphalis";"Anaphalis";TRUE
93246008;"https://inaturalist-open-data.s3.amazonaws.com/photos/154519395/original.jpg";2021;50.1710110323;8.6314443904;"Asteraceae";"Asteraceae";TRUE;"Cirsium";"Cirsium";TRUE
93347037;"https://inaturalist-open-data.s3.amazonaws.com/photos/154703307/original.jpeg";2021;46.8864785083;15.629133225;"Crassulaceae";"Crassulaceae";TRUE;"Hylotelephium";"Hylotelephium";TRUE
93570186;"https://inaturalist-open-data.s3.amazonaws.com/photos/155102185/original.jpg";2021;52.456736959;13.2997954784;"Asteraceae";"Asteraceae";TRUE;"Doellingeria";"Doellingeria";TRUE
93738567;"https://static.inaturalist.org/photos/155403100/original.jpg";2021;48.6994997875;2.5303524148;"Lamiaceae";"Lamiaceae";TRUE;"Mentha";"Mentha";TRUE
94064045;"https://inaturalist-open-data.s3.amazonaws.com/photos/155989367/original.jpg";2021;38.882761418;-94.9680813136;"Lamiaceae";"Lamiaceae";TRUE;"Pycnanthemum";"Pycnanthemum";TRUE
94101609;"https://inaturalist-open-data.s3.amazonaws.com/photos/156059485/original.jpeg";2021;43.313405012;-73.6645437777;"Asteraceae";"Asteraceae";TRUE;"Solidago";"Solidago";TRUE
94173779;"https://inaturalist-open-data.s3.amazonaws.com/photos/156189012/original.jpg";2021;40.6426349131;-73.9681655393;"Lamiaceae";"Lamiaceae";TRUE;"Pycnanthemum";"Pycnanthemum";TRUE
94200217;"https://inaturalist-open-data.s3.amazonaws.com/photos/156237656/original.jpeg";2021;41.7658522197;2.62616414;"Lamiaceae";"Lamiaceae";TRUE;"Mentha";"Mentha";TRUE
94270836;"https://inaturalist-open-data.s3.amazonaws.com/photos/156360352/original.jpeg";2021;43.7605585908;-79.2584241114;"Asteraceae";"Asteraceae";TRUE;"Solidago";"Solidago";TRUE
94337276;"https://inaturalist-open-data.s3.amazonaws.com/photos/156477094/original.jpg";2021;48.16217975;11.5026645278;"Apiaceae";"Apiaceae";TRUE;"Eryngium";"Eryngium";TRUE
94721669;"https://inaturalist-open-data.s3.amazonaws.com/photos/157163302/original.jpeg";2021;50.1248000039;8.6560283334;"Asteraceae";"Asteraceae";TRUE;"Euthamia";"Euthamia";TRUE
94825166;"https://inaturalist-open-data.s3.amazonaws.com/photos/157344565/original.jpeg";2021;40.7805299712;-73.9706726992;"Lamiaceae";"Lamiaceae";TRUE;"Pycnanthemum";"Pycnanthemum";TRUE
94865984;"https://inaturalist-open-data.s3.amazonaws.com/photos/157415275/original.jpg";2021;40.4572874995;-80.0053177511;"Asteraceae";"Asteraceae";TRUE;"Eupatorium";"Eupatorium";TRUE
94962503;"https://static.inaturalist.org/photos/157589202/original.jpeg";2021;42.0089350557;-74.1071859253;"Crassulaceae";"Crassulaceae";TRUE;"Hylotelephium";"Hylotelephium";TRUE
95486676;"https://inaturalist-open-data.s3.amazonaws.com/photos/158531011/original.jpeg";2021;40.1193680424;-74.212161834;"Asteraceae";"Asteraceae";TRUE;"Solidago";"Euthamia";FALSE
95494847;"https://static.inaturalist.org/photos/158542788/original.jpg";2021;41.2031533333;-73.64058;"Asteraceae";"Asteraceae";TRUE;"Solidago";"Solidago";TRUE
96184874;"https://inaturalist-open-data.s3.amazonaws.com/photos/159762622/original.jpeg";2020;42.4324695247;-76.5325211034;"Ranunculaceae";"Ranunculaceae";TRUE;"Clematis";"Clematis";TRUE
96515653;"https://inaturalist-open-data.s3.amazonaws.com/photos/160348925/original.jpeg";2021;44.179472127;-123.2049779459;"Lamiaceae";"Lamiaceae";TRUE;"Mentha";"Mentha";TRUE
96519869;"https://inaturalist-open-data.s3.amazonaws.com/photos/160361740/original.jpeg";2021;29.5168630954;-95.5202087294;"Asteraceae";"Asteraceae";TRUE;"Eupatorium";"Eupatorium";TRUE
97147304;"https://inaturalist-open-data.s3.amazonaws.com/photos/161505010/original.jpg";2021;48.4126491667;11.7495038889;"Asteraceae";"Asteraceae";TRUE;"Solidago";"Solidago";TRUE
97209361;"https://inaturalist-open-data.s3.amazonaws.com/photos/161623548/original.jpeg";2021;31.9862383333;-95.8881566667;"Asteraceae";"Asteraceae";TRUE;"Mikania";"Mikania";TRUE
97211514;"https://inaturalist-open-data.s3.amazonaws.com/photos/161627407/original.jpeg";2021;31.9861466667;-95.88817;"Asteraceae";"Asteraceae";TRUE;"Mikania";"Mikania";TRUE
97297745;"https://inaturalist-open-data.s3.amazonaws.com/photos/161788724/original.jpeg";2021;45.4315586771;4.3872306123;"Apiaceae";"Apiaceae";TRUE;"Eryngium";"Eryngium";TRUE
97400104;"https://inaturalist-open-data.s3.amazonaws.com/photos/161978588/original.jpg";2021;45.3419507037;-73.7691164017;"Asteraceae";"Asteraceae";TRUE;"Symphyotrichum";"Symphyotrichum";TRUE
9796840;"https://inaturalist-open-data.s3.amazonaws.com/photos/13405780/original.jpg";2014;44.4692182267;-77.3155975342;"Asteraceae";"Asteraceae";TRUE;"Cirsium";"Doellingeria";FALSE
98037194;"https://inaturalist-open-data.s3.amazonaws.com/photos/163146957/original.jpeg";2021;45.4315746764;4.387258105;"Apiaceae";"Apiaceae";TRUE;"Eryngium";"Eryngium";TRUE
98199565;"https://static.inaturalist.org/photos/163450821/original.jpeg";2021;42.1559997081;2.5404464174;"Asteraceae";"Asteraceae";TRUE;"Symphyotrichum";"Symphyotrichum";TRUE
98340928;"https://inaturalist-open-data.s3.amazonaws.com/photos/163707244/original.jpeg";2021;29.3921380953;-98.4966484156;"Asteraceae";"Asteraceae";TRUE;"Mikania";"Mikania";TRUE
99779820;"https://inaturalist-open-data.s3.amazonaws.com/photos/166410319/original.jpeg";2021;47.6576783333;16.1460266667;"Asteraceae";"Asteraceae";TRUE;"Solidago";"Solidago";TRUE
