"predicted_genus";"2008_n";"2009_n";"2010_n";"2011_n";"2012_n";"2013_n";"2014_n";"2015_n";"2016_n";"2017_n";"2018_n";"2019_n";"2020_n";"2021_n";"2008_pct";"2009_pct";"2010_pct";"2011_pct";"2012_pct";"2013_pct";"2014_pct";"2015_pct";"2016_pct";"2017_pct";"2018_pct";"2019_pct";"2020_pct";"2021_pct"
"Achillea";0;0;0;0;0;0;0;1;0;0;1;1;0;4;0;0;0;0;0;0;0;11.1111111111111;0;0;2;0.869565217391304;0;1.65289256198347
"Aegopodium";0;0;0;0;0;0;0;0;0;0;1;1;0;1;0;0;0;0;0;0;0;0;0;0;2;0.869565217391304;0;0.413223140495868
"Aesculus";0;0;0;0;0;0;0;0;0;0;0;0;1;0;0;0;0;0;0;0;0;0;0;0;0;0;0.452488687782805;0
"Allium";0;0;0;0;0;0;0;1;0;0;0;3;3;4;0;0;0;0;0;0;0;11.1111111111111;0;0;0;2.60869565217391;1.35746606334842;1.65289256198347
"Ammi";0;0;0;0;0;0;0;0;1;0;0;0;0;0;0;0;0;0;0;0;0;0;7.69230769230769;0;0;0;0;0
"Ampelopsis";0;0;0;0;0;1;0;0;0;0;0;0;0;0;0;0;0;0;0;16.6666666666667;0;0;0;0;0;0;0;0
"Anaphalis";1;0;0;0;0;0;0;1;0;1;1;1;3;4;50;0;0;0;0;0;0;11.1111111111111;0;3.57142857142857;2;0.869565217391304;1.35746606334842;1.65289256198347
"Anethum";0;0;0;0;0;0;0;0;0;0;0;0;0;2;0;0;0;0;0;0;0;0;0;0;0;0;0;0.826446280991736
"Angelica";0;0;0;0;0;0;0;0;0;0;0;2;0;0;0;0;0;0;0;0;0;0;0;0;0;1.73913043478261;0;0
"Apocynum";0;0;0;0;0;0;0;0;0;0;3;0;2;3;0;0;0;0;0;0;0;0;0;0;6;0;0.904977375565611;1.2396694214876
"Aralia";0;0;0;0;0;0;0;0;0;0;0;0;0;2;0;0;0;0;0;0;0;0;0;0;0;0;0;0.826446280991736
"Asclepias";0;0;0;0;0;0;0;0;0;1;1;0;1;3;0;0;0;0;0;0;0;0;0;3.57142857142857;2;0;0.452488687782805;1.2396694214876
"Astrantia";0;0;0;0;0;0;0;0;0;0;0;1;1;2;0;0;0;0;0;0;0;0;0;0;0;0.869565217391304;0.452488687782805;0.826446280991736
"Baccharis";0;0;0;0;0;0;0;0;0;0;0;0;0;5;0;0;0;0;0;0;0;0;0;0;0;0;0;2.06611570247934
"Berteroa";0;0;0;0;0;0;0;0;0;0;0;0;0;1;0;0;0;0;0;0;0;0;0;0;0;0;0;0.413223140495868
"Bupleurum";0;0;0;0;0;0;1;0;0;0;0;1;1;0;0;0;0;0;0;0;12.5;0;0;0;0;0.869565217391304;0.452488687782805;0
"Calendula";0;0;0;0;0;0;0;0;0;0;0;0;0;1;0;0;0;0;0;0;0;0;0;0;0;0;0;0.413223140495868
"Campsis";0;0;0;0;0;0;0;0;0;0;0;0;1;0;0;0;0;0;0;0;0;0;0;0;0;0;0.452488687782805;0
"Ceanothus";0;0;0;0;0;0;0;0;0;0;0;1;1;5;0;0;0;0;0;0;0;0;0;0;0;0.869565217391304;0.452488687782805;2.06611570247934
"Celosia";0;0;0;0;0;0;0;0;0;0;0;0;0;1;0;0;0;0;0;0;0;0;0;0;0;0;0;0.413223140495868
"Chaerophyllum";0;0;0;0;0;0;0;0;0;0;0;0;1;0;0;0;0;0;0;0;0;0;0;0;0;0;0.452488687782805;0
"Cirsium";0;1;0;0;0;0;0;0;2;1;2;6;10;4;0;25;0;0;0;0;0;0;15.3846153846154;3.57142857142857;4;5.21739130434783;4.52488687782805;1.65289256198347
"Cistus";0;0;0;0;0;0;0;0;0;0;0;0;1;0;0;0;0;0;0;0;0;0;0;0;0;0;0.452488687782805;0
"Clematis";0;0;0;0;0;0;0;0;0;0;0;0;1;0;0;0;0;0;0;0;0;0;0;0;0;0;0.452488687782805;0
"Clethra";0;0;0;0;0;0;0;0;0;0;0;1;0;0;0;0;0;0;0;0;0;0;0;0;0;0.869565217391304;0;0
"Coriandrum";0;0;0;0;0;0;0;0;0;0;0;1;3;4;0;0;0;0;0;0;0;0;0;0;0;0.869565217391304;1.35746606334842;1.65289256198347
"Dasiphora";0;0;0;0;0;0;0;0;0;0;0;0;0;2;0;0;0;0;0;0;0;0;0;0;0;0;0;0.826446280991736
"Daucus";0;0;0;0;0;0;0;0;0;0;1;3;2;3;0;0;0;0;0;0;0;0;0;0;2;2.60869565217391;0.904977375565611;1.2396694214876
"Doellingeria";0;0;0;0;0;0;1;0;0;0;0;0;0;1;0;0;0;0;0;0;12.5;0;0;0;0;0;0;0.413223140495868
"Echinacea";0;0;0;0;0;0;0;0;0;0;1;0;0;0;0;0;0;0;0;0;0;0;0;0;2;0;0;0
"Echinophora";0;0;0;1;0;0;0;0;0;0;0;0;0;1;0;0;0;50;0;0;0;0;0;0;0;0;0;0.413223140495868
"Erica";0;0;0;0;0;0;0;0;0;0;0;0;1;0;0;0;0;0;0;0;0;0;0;0;0;0;0.452488687782805;0
"Erigeron";0;0;0;0;0;0;0;0;1;0;1;0;0;5;0;0;0;0;0;0;0;0;7.69230769230769;0;2;0;0;2.06611570247934
"Eriogonum";0;0;0;0;0;0;0;0;0;0;0;7;8;11;0;0;0;0;0;0;0;0;0;0;0;6.08695652173913;3.61990950226244;4.54545454545455
"Eryngium";0;1;1;0;1;3;1;3;1;4;4;15;26;28;0;25;33.3333333333333;0;16.6666666666667;50;12.5;33.3333333333333;7.69230769230769;14.2857142857143;8;13.0434782608696;11.7647058823529;11.5702479338843
"Euonymus";0;0;0;0;0;0;0;0;1;0;0;0;1;2;0;0;0;0;0;0;0;0;7.69230769230769;0;0;0;0.452488687782805;0.826446280991736
"Eupatorium";0;0;1;0;1;1;1;0;0;2;5;4;11;5;0;0;33.3333333333333;0;16.6666666666667;16.6666666666667;12.5;0;0;7.14285714285714;10;3.47826086956522;4.97737556561086;2.06611570247934
"Euphorbia";0;0;0;0;0;0;0;0;0;0;1;0;1;0;0;0;0;0;0;0;0;0;0;0;2;0;0.452488687782805;0
"Eurybia";0;0;0;0;1;0;0;0;0;0;0;0;0;0;0;0;0;0;16.6666666666667;0;0;0;0;0;0;0;0;0
"Euthamia";0;0;0;1;0;0;1;0;1;1;0;5;11;5;0;0;0;50;0;0;12.5;0;7.69230769230769;3.57142857142857;0;4.34782608695652;4.97737556561086;2.06611570247934
"Falcaria";0;0;0;0;0;0;0;0;0;0;0;0;2;0;0;0;0;0;0;0;0;0;0;0;0;0;0.904977375565611;0
"Fallopia";0;0;0;0;0;0;0;0;0;0;0;0;1;0;0;0;0;0;0;0;0;0;0;0;0;0;0.452488687782805;0
"Foeniculum";0;0;0;0;0;0;2;0;0;0;1;4;5;10;0;0;0;0;0;0;25;0;0;0;2;3.47826086956522;2.26244343891403;4.13223140495868
"Frangula";0;0;0;0;0;0;0;0;0;0;0;0;0;2;0;0;0;0;0;0;0;0;0;0;0;0;0;0.826446280991736
"Geum";0;0;0;0;0;0;0;0;0;0;0;1;0;0;0;0;0;0;0;0;0;0;0;0;0;0.869565217391304;0;0
"Gypsophila";0;0;0;0;0;0;0;0;0;0;0;1;0;0;0;0;0;0;0;0;0;0;0;0;0;0.869565217391304;0;0
"Hedera";0;0;0;0;0;0;0;0;1;0;1;0;2;3;0;0;0;0;0;0;0;0;7.69230769230769;0;2;0;0.904977375565611;1.2396694214876
"Helichrysum";0;0;0;0;0;0;0;0;0;0;0;0;1;1;0;0;0;0;0;0;0;0;0;0;0;0;0.452488687782805;0.413223140495868
"Hemerocallis";0;0;0;0;0;0;0;0;0;0;0;0;1;0;0;0;0;0;0;0;0;0;0;0;0;0;0.452488687782805;0
"Heracleum";0;0;0;0;0;0;0;0;0;0;0;0;3;1;0;0;0;0;0;0;0;0;0;0;0;0;1.35746606334842;0.413223140495868
"Hydrangea";0;0;0;0;0;0;0;0;0;0;2;2;0;5;0;0;0;0;0;0;0;0;0;0;4;1.73913043478261;0;2.06611570247934
"Hylotelephium";0;0;0;0;0;0;0;0;0;0;0;1;2;3;0;0;0;0;0;0;0;0;0;0;0;0.869565217391304;0.904977375565611;1.2396694214876
"Hymenopappus";0;0;0;0;0;0;0;0;0;0;0;1;0;0;0;0;0;0;0;0;0;0;0;0;0;0.869565217391304;0;0
"Hypericum";0;0;0;0;0;0;0;0;0;0;0;0;0;1;0;0;0;0;0;0;0;0;0;0;0;0;0;0.413223140495868
"Leucanthemum";0;0;0;0;0;0;0;0;0;0;0;0;0;1;0;0;0;0;0;0;0;0;0;0;0;0;0;0.413223140495868
"Levisticum";0;0;0;0;0;0;0;0;0;0;0;1;1;1;0;0;0;0;0;0;0;0;0;0;0;0.869565217391304;0.452488687782805;0.413223140495868
"Limonium";0;0;0;0;0;0;0;0;0;1;1;0;0;0;0;0;0;0;0;0;0;0;0;3.57142857142857;2;0;0;0
"Lobularia";0;0;0;0;0;0;0;0;0;0;0;0;1;0;0;0;0;0;0;0;0;0;0;0;0;0;0.452488687782805;0
"Lotus";0;0;0;0;0;0;0;0;0;0;0;0;0;1;0;0;0;0;0;0;0;0;0;0;0;0;0;0.413223140495868
"Lycopus";0;0;0;0;0;0;0;0;0;1;0;0;0;0;0;0;0;0;0;0;0;0;0;3.57142857142857;0;0;0;0
"Lysimachia";0;0;0;0;0;0;0;0;0;0;0;0;1;1;0;0;0;0;0;0;0;0;0;0;0;0;0.452488687782805;0.413223140495868
"Mantisalca";0;0;0;0;0;0;0;0;0;0;0;1;0;0;0;0;0;0;0;0;0;0;0;0;0;0.869565217391304;0;0
"Matricaria";0;0;0;0;0;0;0;0;1;0;0;0;0;0;0;0;0;0;0;0;0;0;7.69230769230769;0;0;0;0;0
"Melilotus";0;0;1;0;1;0;0;0;0;0;1;5;7;6;0;0;33.3333333333333;0;16.6666666666667;0;0;0;0;0;2;4.34782608695652;3.16742081447964;2.47933884297521
"Mentha";0;2;0;0;0;0;0;1;2;6;4;13;24;31;0;50;0;0;0;0;0;11.1111111111111;15.3846153846154;21.4285714285714;8;11.304347826087;10.8597285067873;12.8099173553719
"Mikania";0;0;0;0;0;0;0;0;0;0;0;0;2;3;0;0;0;0;0;0;0;0;0;0;0;0;0.904977375565611;1.2396694214876
"Monarda";0;0;0;0;0;0;0;0;0;0;0;1;2;2;0;0;0;0;0;0;0;0;0;0;0;0.869565217391304;0.904977375565611;0.826446280991736
"Oenanthe";0;0;0;0;0;0;0;0;0;0;0;0;1;0;0;0;0;0;0;0;0;0;0;0;0;0;0.452488687782805;0
"Origanum";0;0;0;0;0;0;0;0;0;0;0;0;1;0;0;0;0;0;0;0;0;0;0;0;0;0;0.452488687782805;0
"Parthenium";0;0;0;0;0;0;0;0;0;0;0;0;1;0;0;0;0;0;0;0;0;0;0;0;0;0;0.452488687782805;0
"Pastinaca";0;0;0;0;0;0;0;0;0;0;0;0;2;4;0;0;0;0;0;0;0;0;0;0;0;0;0.904977375565611;1.65289256198347
"Pentas";0;0;0;0;0;0;0;0;0;0;1;0;0;0;0;0;0;0;0;0;0;0;0;0;2;0;0;0
"Phedimus";1;0;0;0;0;0;0;0;0;0;0;0;0;0;50;0;0;0;0;0;0;0;0;0;0;0;0;0
"Photinia";0;0;0;0;0;0;0;0;0;0;0;0;1;0;0;0;0;0;0;0;0;0;0;0;0;0;0.452488687782805;0
"Pluchea";0;0;0;0;0;0;0;0;0;0;0;0;1;0;0;0;0;0;0;0;0;0;0;0;0;0;0.452488687782805;0
"Polytaenia";0;0;0;0;0;0;0;0;0;1;0;2;1;0;0;0;0;0;0;0;0;0;0;3.57142857142857;0;1.73913043478261;0.452488687782805;0
"Potentilla";0;0;0;0;0;0;0;0;0;0;0;1;0;0;0;0;0;0;0;0;0;0;0;0;0;0.869565217391304;0;0
"Ptelea";0;0;0;0;0;0;0;0;0;1;0;0;0;0;0;0;0;0;0;0;0;0;0;3.57142857142857;0;0;0;0
"Pycnanthemum";0;0;0;0;1;0;0;2;1;2;10;7;34;34;0;0;0;0;16.6666666666667;0;0;22.2222222222222;7.69230769230769;7.14285714285714;20;6.08695652173913;15.3846153846154;14.0495867768595
"Reynoutria";0;0;0;0;0;0;0;0;0;0;0;1;0;1;0;0;0;0;0;0;0;0;0;0;0;0.869565217391304;0;0.413223140495868
"Rhus";0;0;0;0;0;0;0;0;1;0;0;0;0;1;0;0;0;0;0;0;0;0;7.69230769230769;0;0;0;0;0.413223140495868
"Rubus";0;0;0;0;0;0;0;0;0;0;0;1;0;1;0;0;0;0;0;0;0;0;0;0;0;0.869565217391304;0;0.413223140495868
"Ruta";0;0;0;0;0;0;0;0;0;0;0;1;6;4;0;0;0;0;0;0;0;0;0;0;0;0.869565217391304;2.71493212669683;1.65289256198347
"Sambucus";0;0;0;0;0;0;1;0;0;0;0;4;2;1;0;0;0;0;0;0;12.5;0;0;0;0;3.47826086956522;0.904977375565611;0.413223140495868
"Sicyos";0;0;0;0;0;0;0;0;0;0;0;1;0;0;0;0;0;0;0;0;0;0;0;0;0;0.869565217391304;0;0
"Solidago";0;0;0;0;1;1;0;0;0;4;4;9;22;10;0;0;0;0;16.6666666666667;16.6666666666667;0;0;0;14.2857142857143;8;7.82608695652174;9.95475113122172;4.13223140495868
"Sorbaria";0;0;0;0;0;0;0;0;0;0;1;1;0;0;0;0;0;0;0;0;0;0;0;0;2;0.869565217391304;0;0
"Spiraea";0;0;0;0;0;0;0;0;0;0;0;1;0;2;0;0;0;0;0;0;0;0;0;0;0;0.869565217391304;0;0.826446280991736
"Succisella";0;0;0;0;0;0;0;0;0;2;0;0;0;0;0;0;0;0;0;0;0;0;0;7.14285714285714;0;0;0;0
"Symphyotrichum";0;0;0;0;0;0;0;0;0;0;0;0;0;2;0;0;0;0;0;0;0;0;0;0;0;0;0;0.826446280991736
"Tagetes";0;0;0;0;0;0;0;0;0;0;0;0;0;1;0;0;0;0;0;0;0;0;0;0;0;0;0;0.413223140495868
"Tanacetum";0;0;0;0;0;0;0;0;0;0;0;0;1;0;0;0;0;0;0;0;0;0;0;0;0;0;0.452488687782805;0
"Veronica";0;0;0;0;0;0;0;0;0;0;1;1;0;0;0;0;0;0;0;0;0;0;0;0;2;0.869565217391304;0;0
"Veronicastrum";0;0;0;0;0;0;0;0;0;0;1;0;0;0;0;0;0;0;0;0;0;0;0;0;2;0;0;0
"Visnaga";0;0;0;0;0;0;0;0;0;0;0;1;0;0;0;0;0;0;0;0;0;0;0;0;0;0.869565217391304;0;0
"Vitex";0;0;0;0;0;0;0;0;0;0;0;0;1;0;0;0;0;0;0;0;0;0;0;0;0;0;0.452488687782805;0
"Ziziphus";0;0;0;0;0;0;0;0;0;0;0;0;1;0;0;0;0;0;0;0;0;0;0;0;0;0;0.452488687782805;0
